Select,CRN,Subj,CrseNum,Section,CMP,Credits,Title,Days,Time,Cap,Act,Rem,WL Cap,WL Act,WL Rem,XL Cap,XL Act,XL Rem,Instructors,Date,Location,Attributes,Year,Semester
NR,80291,CSCI,101,A,C,3.0,INTRODUCTION TO COMPUTER SCIENCE,MWF,01:00pm-01:50pm,61,60,1,0,0,0,0,0,0,"Mackenzie Gayle Hull (P), Tracy K Camp, Megan Kinsley Shapiro",08/23-12/17,MZ 108,UG_Req,2021,Fall
C,80268,CSCI,101,B,C,3.0,INTRODUCTION TO COMPUTER SCIENCE,MWF,02:00pm-02:50pm,63,63,0,0,0,0,0,0,0,"Robert Haven Thompson (P), Tracy K Camp, Megan Kinsley Shapiro",08/23-12/17,AH 330,UG_Req,2021,Fall
NR,80302,CSCI,101,C,C,3.0,INTRODUCTION TO COMPUTER SCIENCE,MWF,03:00pm-03:50pm,64,60,4,0,0,0,0,0,0,"Robert Haven Thompson (P), Tracy K Camp, Megan Kinsley Shapiro",08/23-12/17,BE 243,UG_Req,2021,Fall
NR,80811,CSCI,101,D,C,3.0,INTRODUCTION TO COMPUTER SCIENCE,MWF,01:00pm-01:50pm,63,62,1,0,0,0,0,0,0,"Armando Eric Ocampo (P), Tracy K Camp, Megan Kinsley Shapiro",08/23-12/17,BB W210,UG_Req,2021,Fall
C,80960,CSCI,101,E,C,3.0,INTRODUCTION TO COMPUTER SCIENCE,MWF,02:00pm-02:50pm,65,65,0,0,0,0,0,0,0,"Megan Kinsley Shapiro (P), Tracy K Camp, Carter Jameison Fowler",08/23-12/17,HH 202,UG_Req,2021,Fall
NR,80961,CSCI,101,F,C,3.0,INTRODUCTION TO COMPUTER SCIENCE,MWF,03:00pm-03:50pm,60,58,2,0,0,0,0,0,0,"Megan Kinsley Shapiro (P), Tracy K Camp",08/23-12/17,MZ 108,UG_Req,2021,Fall
NR,81299,CSCI,101,G,C,3.0,INTRODUCTION TO COMPUTER SCIENCE,MWF,04:00pm-04:50pm,60,58,2,0,0,0,0,0,0,"Megan Kinsley Shapiro (P), Tracy K Camp",08/23-12/17,MZ 108,UG_Req,2021,Fall
NR,81340,CSCI,101,H,C,3.0,INTRODUCTION TO COMPUTER SCIENCE,MWF,04:00pm-04:50pm,50,48,2,0,0,0,0,0,0,"Alexander William Cieslewicz (P), Tracy K Camp, Megan Kinsley Shapiro",08/23-12/17,HH 204,UG_Req,2021,Fall
C,81567,CSCI,102,A,C,1.0,INTRODUCTION TO COMPUTER SCIENCE - LAB,TR,09:30am-10:45am,60,61,-1,0,0,0,0,0,0,"Dylan T Norris (P), Tracy K Camp, Christine Liebe",08/23-12/17,MZ 022,No_Special_Notes,2021,Fall
C,81568,CSCI,102,B,C,1.0,INTRODUCTION TO COMPUTER SCIENCE - LAB,TR,09:30am-10:45am,60,60,0,0,0,0,0,0,0,"Christine Liebe (P), Tracy K Camp",08/23-12/17,BB W210,No_Special_Notes,2021,Fall
NR,81569,CSCI,102,C,C,1.0,INTRODUCTION TO COMPUTER SCIENCE - LAB,TR,11:00am-12:15pm,42,41,1,0,0,0,0,0,0,"Dylan T Norris (P), Tracy K Camp, Christine Liebe",08/23-12/17,MZ 302,No_Special_Notes,2021,Fall
C,81570,CSCI,102,D,C,1.0,INTRODUCTION TO COMPUTER SCIENCE - LAB,TR,11:00am-12:15pm,64,64,0,0,0,0,0,0,0,"Hunter Lee Belcher (P), Tracy K Camp, Christine Liebe",08/23-12/17,BB W210,No_Special_Notes,2021,Fall
NR,81571,CSCI,102,E,C,1.0,INTRODUCTION TO COMPUTER SCIENCE - LAB,TR,03:30pm-04:45pm,60,50,10,0,0,0,0,0,0,"Hunter Lee Belcher (P), Tracy K Camp, Christine Liebe",08/23-12/17,BB W210,No_Special_Notes,2021,Fall
NR,81572,CSCI,102,F,C,1.0,INTRODUCTION TO COMPUTER SCIENCE - LAB,TR,03:30pm-04:45pm,60,29,31,0,0,0,0,0,0,"Eric William Roels (P), Tracy K Camp, Christine Liebe",08/23-12/17,MZ 022,No_Special_Notes,2021,Fall
NR,81933,CSCI,102,OL,C,1.0,INTRODUCTION TO COMPUTER SCIENCE - LAB,AAA,00:00zm-00:00zm,40,33,7,0,0,0,0,0,0,"Christine Liebe (P), Tracy K Camp",08/23-10/18,ONLINE,No_Special_Notes,2021,Fall
C,80962,CSCI,250,A,C,3.0,PYTHON-BASED COMPUTING: BUILDING A SENSOR SYSTEM,MWF,11:00am-11:50am,30,31,-1,0,0,0,0,0,0,Paul Constantin Sava (P),08/23-12/17,MZ 022,UG_Req,2021,Fall
NR,82158,CSCI,250,B,C,3.0,PYTHON-BASED COMPUTING: BUILDING A SENSOR SYSTEM,MWF,03:00pm-03:50pm,30,20,10,0,0,0,0,0,0,"Torin Allan Johnson (P), Paul Constantin Sava",08/23-12/17,MZ 022,UG_Req,2021,Fall
NR,82283,CSCI,250,C,C,3.0,PYTHON-BASED COMPUTING: BUILDING A SENSOR SYSTEM,MWF,11:00am-11:50am,30,29,1,0,0,0,0,0,0,Paul Constantin Sava (P),08/23-12/17,MZ 022,UG_Req,2021,Fall
NR,82284,CSCI,250,D,C,3.0,PYTHON-BASED COMPUTING: BUILDING A SENSOR SYSTEM,MWF,03:00pm-03:50pm,30,15,15,0,0,0,0,0,0,"Torin Allan Johnson (P), Paul Constantin Sava",08/23-12/17,MZ 022,UG_Req,2021,Fall
NR,80104,CSCI,260,A,C,2.0,FORTRAN PROGRAMMING,WF,08:00am-08:50am,40,30,10,0,0,0,0,0,0,Larry Edward Johnson (P),08/23-12/17,CK 130,No_Special_Notes,2021,Fall
NR,80106,CSCI,261,B,C,3.0,PROGRAMMING CONCEPTS,MWF,09:00am-09:50am,45,38,7,0,0,0,0,0,0,"Amy N Hong (P), Jeffrey R Paone",08/23-12/17,MZ 026,UG_Req,2021,Fall
NR,80107,CSCI,261,C,C,3.0,PROGRAMMING CONCEPTS,MWF,10:00am-10:50am,45,41,4,0,0,0,0,0,0,Jeffrey R Paone (P),08/23-12/17,MZ 026,UG_Req,2021,Fall
NR,80687,CSCI,261,D,C,3.0,PROGRAMMING CONCEPTS,MWF,11:00am-11:50am,38,36,2,0,0,0,0,0,0,"Kathleen Marie Kelly (P), Jeffrey R Paone",08/23-12/17,BB 253,UG_Req,2021,Fall
NR,80108,CSCI,261,E,C,3.0,PROGRAMMING CONCEPTS,MWF,12:00pm-12:50pm,45,39,6,0,0,0,0,0,0,"Kathleen Marie Kelly (P), Jeffrey R Paone",08/23-12/17,MZ 026,UG_Req,2021,Fall
NR,80109,CSCI,261,F,C,3.0,PROGRAMMING CONCEPTS,MWF,03:00pm-03:50pm,45,33,12,0,0,0,0,0,0,"Connor Allan Barnes (P), Jeffrey R Paone",08/23-12/17,MZ 026,UG_Req,2021,Fall
NR,81934,CSCI,261,OL,O,3.0,PROGRAMMING CONCEPTS,AAA,00:00zm-00:00zm,25,22,3,0,0,0,0,0,0,"Dorothy Ann Mann (P), Jeffrey R Paone",08/23-10/18,ONLINE,UG_Req,2021,Fall
NR,80301,CSCI,262,A,C,3.0,DATA STRUCTURES,MW,12:00pm-12:50pm,83,79,4,0,0,0,0,0,0,"Seth David Dale (P), Wendy Denise Fisher",08/23-12/17,MZ 126,UG_Req,2021,Fall
NR,80110,CSCI,262,B,C,3.0,DATA STRUCTURES,MW,01:00pm-01:50pm,73,72,1,0,0,0,0,0,0,"Wendy Denise Fisher (P), Rion Gipson- Hansen",08/23-12/17,MZ 326,UG_Req,2021,Fall
NR,81342,CSCI,262,C,C,3.0,DATA STRUCTURES,MW,02:00pm-02:50pm,73,71,2,0,0,0,0,0,0,"Joseph R Lovato (P), Wendy Denise Fisher",08/23-12/17,AH 340,UG_Req,2021,Fall
NR,82265,CSCI,262,D,C,3.0,DATA STRUCTURES,MW,03:00pm-03:50pm,60,46,14,0,0,0,0,0,0,Wendy Denise Fisher (P),08/23-12/17,AH 340,UG_Req,2021,Fall
C,81935,CSCI,262,OL,O,3.0,DATA STRUCTURES,AAA,00:00zm-00:00zm,30,30,0,0,0,0,0,0,0,Wendy Denise Fisher (P),10/20-12/15,ONLINE,UG_Req,2021,Fall
C,80980,CSCI,262,R01,C,0.0,DATA STRUCTURES,F,12:00pm-12:50pm,60,60,0,0,0,0,0,0,0,"Seth David Dale (P), Wendy Denise Fisher",08/23-12/17,MZ 022,UG_Req,2021,Fall
NR,80981,CSCI,262,R02,C,0.0,DATA STRUCTURES,F,01:00pm-01:50pm,60,58,2,0,0,0,0,0,0,"Rion Gipson-Hansen (P), Wendy Denise Fisher",08/23-12/17,MZ 026,UG_Req,2021,Fall
NR,80812,CSCI,262,R03,C,0.0,DATA STRUCTURES,F,02:00pm-02:50pm,60,58,2,0,0,0,0,0,0,"Joseph R Lovato (P), Wendy Denise Fisher",08/23-12/17,MZ 026,UG_Req,2021,Fall
NR,80895,CSCI,262,R04,C,0.0,DATA STRUCTURES,F,04:00pm-04:50pm,60,52,8,0,0,0,0,0,0,"Joseph R Lovato (P), Wendy Denise Fisher",08/23-12/17,MZ 022,UG_Req,2021,Fall
NR,82273,CSCI,262,R05,C,0.0,DATA STRUCTURES,F,02:00pm-02:50pm,60,40,20,0,0,0,0,0,0,"Rion Gipson-Hansen (P), Wendy Denise Fisher",08/23-12/17,MZ 022,UG_Req,2021,Fall
C,80310,CSCI,274,A,C,1.0,INTRODUCTION TO THE LINUX OPERATING SYSTEM,W,02:00pm-02:50pm,60,60,0,0,0,0,0,0,0,"Rocco G Marchitto (P), Ameliaann Blaisy Read",08/23-12/17,MZ 022,UG_Req,2021,Fall
NR,80867,CSCI,274,B,C,1.0,INTRODUCTION TO THE LINUX OPERATING SYSTEM,W,03:00pm-03:50pm,95,71,24,0,0,0,0,0,0,"Rocco G Marchitto (P), Ameliaann Blaisy Read",08/23-12/17,CK 130,UG_Req,2021,Fall
C,80963,CSCI,274,C,C,1.0,INTRODUCTION TO THE LINUX OPERATING SYSTEM,F,10:00am-10:50am,60,60,0,0,0,0,0,0,0,"Colin Ross Randall (P), Ameliaann Blaisy Read",08/23-12/17,MZ 022,UG_Req,2021,Fall
NR,82264,CSCI,274,D,C,1.0,INTRODUCTION TO THE LINUX OPERATING SYSTEM,F,09:00am-09:50am,60,59,1,0,0,0,0,0,0,"Rocco G Marchitto (P), Ameliaann Blaisy Read",08/23-12/17,MZ 022,UG_Req,2021,Fall
C,80964,CSCI,303,A,C,3.0,INTRODUCTION TO DATA SCIENCE,TR,08:00am-09:15am,52,55,-3,0,0,0,68,66,2,"Morgan Dallas Cox (P), Wendy Denise Fisher",08/23-12/17,AH 330,UG_Req,2021,Fall
C,81713,CSCI,303,OL,O,3.0,INTRODUCTION,TO DATA,SCIENCEAAA00:00zm-,00:00,zm,42,42,0,0,0,0,62,"60 2 Morgan Dallas Cox (P), Wendy Denise Fisher",08/23-10/18,ONLINE,UG_Req,2021,Fall
NR,80111,CSCI,306,A,C,3.0,SOFTWARE ENGINEERING,TR,11:00am-12:15pm,60,59,1,0,0,0,0,0,0,Mark Lewis Baldwin (P),08/23-12/17,MZ 022,UG_Req,2021,Fall
NR,80813,CSCI,306,B,C,3.0,SOFTWARE ENGINEERING,TR,02:00pm-03:15pm,60,57,3,0,0,0,0,0,0,Mark Lewis Baldwin (P),08/23-12/17,MZ 022,UG_Req,2021,Fall
NR,81573,CSCI,306,C,C,3.0,SOFTWARE ENGINEERING,TR,05:00pm-06:15pm,60,42,18,0,0,0,0,0,0,Mark Lewis Baldwin (P),08/23-12/17,MZ 022,UG_Req,2021,Fall
NR,80114,CSCI,341,A,C,3.0,COMPUTER ORGANIZATION,MWF,02:00pm-02:50pm,63,62,1,0,0,0,0,0,0,Ameliaann Blaisy Read (P),08/23-12/17,MZ 108,UG_Req,2021,Fall
NR,80965,CSCI,341,B,C,3.0,COMPUTER ORGANIZATION,MWF,11:00am-11:50am,63,58,5,0,0,0,0,0,0,"Kyle Shay Thomas Moran (P), Ameliaann Blaisy Read",08/23-12/17,BB W210,UG_Req,2021,Fall
NR,82179,CSCI,341,C,C,3.0,COMPUTER ORGANIZATION,MWF,03:00pm-03:50pm,73,63,10,0,0,0,0,0,0,"Michael C Humphrey (P), Ameliaann Blaisy Read",08/23-12/17,MZ 326,UG_Req,2021,Fall
NR,80688,CSCI,358,A,C,3.0,DISCRETE MATHEMATICS,TR,09:30am-10:45am,82,77,5,0,0,0,0,0,0,Dejun Yang (P),08/23-12/17,BE 241,UG_Req,2021,Fall
NR,81343,CSCI,358,B,C,3.0,DISCRETE MATHEMATICS,TR,11:00am-12:15pm,82,80,2,0,0,0,0,0,0,Dejun Yang (P),08/23-12/17,BE 108,UG_Req,2021,Fall
NR,81344,CSCI,370,A,C,4.5,ADVANCED SOFTWARE ENGINEERING,TR,09:30am-12:15pm,84,83,1,0,0,0,0,0,0,"Jeffrey R Paone (P), Donna Marie Bodeau, Eric Lawrence Dattore, Christopher Travis Johnson, Kathleen Marie Kelly",08/23-12/17,CO 209,UG_Req,2021,Fall
NR,82023,CSCI,395,A,C,1.0,INDUSTRY,EXPLORATION II,W03:00pm-05:00,pm,16,13,3,0,0,0,0,0,0 Tracy K Camp (P) 08/23-,12/17MC 314,No_Special_Notes,No_Special_Notes,2021,Fall
NR,82278,CSCI,398A ,A,C,1.0,SP TPS: BRIDGE SEMINAR,W,04:00pm-04:50pm,30,13,17,0,0,0,0,0,0,Tracy K Camp (P) 08/23-,12/17MZ 226,No_Special_Notes,No_Special_Notes,2021,Fall
C,80115,CSCI,400,A,C,3.0,PRINCIPLES OF PROGRAMMING LANGUAGES,TR,02:00pm-03:15pm,60,67,-7,0,0,0,0,0,0,Jedidiah R McClurg (P),08/23-12/17,BE 108,UG_Req,2021,Fall
C,81574,CSCI,400,B,C,3.0,PRINCIPLES OF PROGRAMMING LANGUAGES,TR,03:30pm-04:45pm,63,65,-2,0,0,0,0,0,0,"Jonathan Sumner Van Evans (P), Jedidiah R McClurg",08/23-12/17,MZ 108,UG_Req,2021,Fall
NR,80754,CSCI,403,A,C,3.0,DATA BASE MANAGEMENT,MWF,09:00am-09:50am,65,64,1,0,0,0,0,0,0,Ameliaann Blaisy Read (P),08/23-12/17,MZ 326,UG_Req,2021,Fall
NR,81345,CSCI,403,B,C,3.0,DATA BASE MANAGEMENT,MWF,10:00am-10:50am,67,65,2,0,0,0,0,0,0,Ameliaann Blaisy Read (P),08/23-12/17,GC PET,UG_Req,2021,Fall
NR,80233,CSCI,406,A,C,3.0,ALGORITHMS,MWF,12:00pm-12:50pm,130,128,2,0,0,0,0,0,0,Dinesh Prakash Mehta (P),08/23-12/17,BB W280,UG_Req,2021,Fall
NR,80841,CSCI,423,A,C,3.0,COMPUTER SIMULATION,TR,12:30pm-01:45pm,45,37,8,0,0,0,0,0,0,Keith E Hellman (P),08/23-12/17,BE 108,No_Special_Notes,2021,Fall
NR,81687,CSCI,436,A,C,3.0,HUMAN-ROBOT INTERACTION,MW,02:00pm-02:50pm,30,18,12,0,0,0,60,41,19,Thomas Emrys Williams (P),08/23-12/17,BB 125,No_Special_Notes,2021,Fall
C,82150,CSCI,436,LA,C,0.0,HUMAN-ROBOT INTERACTION,F,01:00pm-03:00pm,12,10,2,0,0,0,30,30,0,Thomas Emrys Williams (P),08/23-12/17,BB 125,No_Special_Notes,2021,Fall
NR,82151,CSCI,436,LB,C,0.0,HUMAN-ROBOT INTERACTION,F,03:01pm-05:00pm,15,8,7,0,0,0,30,11,19,Thomas Emrys Williams (P),08/23-12/17,BB 125,No_Special_Notes,2021,Fall
NR,80979,CSCI,437,A,C,3.0,INTRODUCTION TO COMPUTER VISION,MWF,03:00pm-03:50pm,60,59,1,0,0,0,76,67,9,"Ryan Blake Jackson (P), Ruchen Wen , Thomas Emrys Williams",08/23-12/17,CT 231,UG_Req,2021,Fall
NR,80789,CSCI,441,A,C,3.0,COMPUTER GRAPHICS,MWF ,01:00pm-01:50pm,60,46,14,0,0,0,0,0,0,Jeffrey R Paone (P),08/23-12/17,AH 340/MZ 022,No_Special_Notes,2021,Fall
NR,80116,CSCI,442,A,C,3.0,OPERATING SYSTEMS,TR,12:30pm-01:45pm,71,66,5,0,0,0,0,0,0,"Lucas Henke (P), Mehmet Esat Belviranli",08/23-12/17,MZ 326,UG_Req,2021,Fall
NR,81575,CSCI,442,B,C,3.0,OPERATING SYSTEMS,TR,03:30pm-04:45pm,70,59,11,0,0,0,0,0,0,"Lucas Henke (P), Mehmet Esat Belviranli",08/23-12/17,MZ 326,UG_Req,2021,Fall
C,81346,CSCI,445,A,O,3.0,WEB PROGRAMMING,AAA,00:00zm-00:00zm,78,78,0,0,0,0,0,0,0,Cynthia A Rader (P),08/23-12/17,ONLINE,No_Special_Notes,2021,Fall
NR,81577,CSCI,455,A,C,3.0,GAME THEORY AND NETWORKS,TR,02:00pm-03:15pm,21,20,1,0,0,0,52,48,4,Dejun Yang (P),08/23-12/17,AH 330,No_Special_Notes,2021,Fall
NR,80966,CSCI,470,A,C,3.0,INTRODUCTION TO MACHINE LEARNING,TR,11:00am-12:15pm,59,56,3,0,0,0,66,59,7,"Matthew Jay Roos (P), Wendy Denise Fisher",08/23-12/17,CO 219,UG_Req,2021,Fall
NR,81291,CSCI,470,B,C,3.0,INTRODUCTION TO MACHINE LEARNING,TR,02:00pm-03:15pm,60,58,2,0,0,0,68,60,8,"Matthew Jay Roos (P), Wendy Denise Fisher",08/23-12/17,CO 219,UG_Req,2021,Fall
NR,81945,CSCI,470,OL,O,3.0,INTRODUCTION TO MACHINE LEARNING,AAA,00:00zm-00:00zm,43,35,8,0,0,0,50,43,7,Wendy Denise Fisher (P),10/20-12/15,AAA,No_Special_Notes,2021,Fall
NR,80755,CSCI,471,A,C,3.0,COMPUTER NETWORKS I,MWF,11:00am-11:50am,83,82,1,0,0,0,0,0,0,Phillip Richardson Romig (P),08/23-12/17,BB W250,UG_Req,2021,Fall
C,80842,CSCI,475,A,C,3.0,INFORMATION SECURITY AND PRIVACY,MWF,10:00am-10:50am,64,64,0,0,0,0,0,0,0,Phillip Richardson Romig (P),08/23-12/17,"AH 340,CT 231",UG_Req,2021,Fall
NR,82195,CSCI,475,B,C,3.0,INFORMATION SECURITY AND PRIVACY,MWF,04:00pm-04:50pm,60,27,33,0,0,0,0,0,0,"Ahmed Alshehri (P),",08/23-12/17,AH 340/CT 231,UG_Req,2021,Fall
NR,80275,CSCI,101,A,C,3.000,INTRODUCTION TO COMPUTER SCIENCE,MWF,01:00pm-01:50pm,63,62,1,0,0,0,0,0,0,"Victoria Laine Messmore (P), Robert Haven Thompson",08/22-12/16,MZ 108,UG_Req,2022,Fall
NR,80255,CSCI,101,B,C,3.000,INTRODUCTION TO COMPUTER SCIENCE,MWF,02:00pm-02:50pm,68,66,2,0,0,0,0,0,0,Robert Haven Thompson (P),08/22-12/16,AH 330,UG_Req,2022,Fall
NR,80286,CSCI,101,C,C,3.000,INTRODUCTION TO COMPUTER SCIENCE,MWF,03:00pm-03:50pm,73,65,8,0,0,0,0,0,0,Robert Haven Thompson (P),08/22-12/16,AH 340,UG_Req,2022,Fall
NR,80777,CSCI,101,D,C,3.000,INTRODUCTION TO COMPUTER SCIENCE,MWF,01:00pm-01:50pm,72,68,4,0,0,0,0,0,0,"Grace Katherine Jung (P), Robert Haven Thompson",08/22-12/16,CO 219,UG_Req,2022,Fall
C,80918,CSCI,101,E,C,3.000,INTRODUCTION TO COMPUTER SCIENCE,MWF,02:00pm-02:50pm,85,85,0,0,0,0,0,0,0,"Megan Kinsley Shapiro (P), Robert Haven Thompson",08/22-12/16,HH 202,UG_Req,2022,Fall
NR,80919,CSCI,101,F,C,3.000,INTRODUCTION TO COMPUTER SCIENCE,MWF,03:00pm-03:50pm,73,72,1,0,0,0,0,0,0,"Megan Kinsley Shapiro (P), Robert Haven Thompson",08/22-12/16,MZ 326,UG_Req,2022,Fall
NR,81240,CSCI,101,G,C,3.000,INTRODUCTION TO COMPUTER SCIENCE,MWF,04:00pm-04:50pm,75,73,2,0,0,0,0,0,0,"JoAnn Regina Hemann (P), Robert Haven Thompson",08/22-12/16,MZ 126,UG_Req,2022,Fall
NR,81278,CSCI,101,H,C,3.000,INTRODUCTION TO COMPUTER SCIENCE,MWF,04:00pm-04:50pm,72,68,4,0,0,0,0,0,0,"Megan Kinsley Shapiro (P), Robert Haven Thompson",08/22-12/16,MZ 226,UG_Req,2022,Fall
NR,81458,CSCI,102,A,C,1.000,INTRODUCTION TO COMPUTER SCIENCE - LAB,TR,09:30am-10:45am,60,59,1,0,0,0,0,0,0,Christine Liebe (P),08/22-12/16,MZ 022,No_Special_Notes,2022,Fall
C,81459,CSCI,102,B,C,1.000,INTRODUCTION TO COMPUTER SCIENCE - LAB,TR,09:30am-10:45am,63,63,0,0,0,0,0,0,0,"Robert Haven Thompson (P), Christine Liebe",08/22-12/16,BB W210,No_Special_Notes,2022,Fall
NR,81460,CSCI,102,C,C,1.000,INTRODUCTION TO COMPUTER SCIENCE - LAB,TR,11:00am-12:15pm,100,89,11,0,0,0,0,0,0,"Robert Haven Thompson (P), Christine Liebe",08/22-12/16,CT 102,No_Special_Notes,2022,Fall
NR,81461,CSCI,102,D,C,1.000,INTRODUCTION TO COMPUTER SCIENCE - LAB,TR,11:00am-12:15pm,75,71,4,0,0,0,0,0,0,"Zibo Wang (P), Christine Liebe",08/22-12/16,BE 243,No_Special_Notes,2022,Fall
NR,81463,CSCI,102,E,C,1.000,INTRODUCTION TO COMPUTER SCIENCE - LAB,TR,03:30pm-04:45pm,60,56,4,0,0,0,0,0,0,"Matthew James Rottinghaus (P), Christine Liebe",08/22-12/16,MZ 022,No_Special_Notes,2022,Fall
NR,81462,CSCI,102,F,C,1.000,INTRODUCTION TO COMPUTER SCIENCE - LAB,TR,03:30pm-04:45pm,90,74,16,0,0,0,0,0,0,"Eric William Roels (P), Christine Liebe",08/22-12/16,CK 130,No_Special_Notes,2022,Fall
NR,82070,CSCI,102,OL,O,1.000,INTRODUCTION TO COMPUTER SCIENCE - LAB,AAA,00:00zm-00:00zm,40,39,1,0,0,0,0,0,0,Christine Liebe (P),08/22-10/17,ONLINE,No_Special_Notes,2022,Fall
C,82122,CSCI,200,A,C,3.000,FOUNDATIONAL PROGRAMMING CONCEPTS & DESIGN,MWF,09:00am-09:50am,60,60,0,0,0,0,0,0,0,"Clark Scholten (P), Jeffrey R Paone",08/22-12/16,MZ 026,No_Special_Notes,2022,Fall
NR,82123,CSCI,200,B,C,3.000,FOUNDATIONAL PROGRAMMING CONCEPTS & DESIGN,MWF,10:00am-10:50am,60,58,2,0,0,0,0,0,0,Jeffrey R Paone (P),08/22-12/16,MZ 026,No_Special_Notes,2022,Fall
NR,82124,CSCI,200,C,C,3.000,FOUNDATIONAL PROGRAMMING CONCEPTS & DESIGN,MWF,11:00am-11:50am,60,59,1,0,0,0,0,0,0,Jeffrey R Paone (P),08/22-12/16,MZ 026,No_Special_Notes,2022,Fall
C,82125,CSCI,200,D,C,3.000,FOUNDATIONAL PROGRAMMING CONCEPTS & DESIGN,MWF,12:00pm-12:50pm,60,61,-1,0,0,0,0,0,0,"Clark Scholten (P), Jeffrey R Paone",08/22-12/16,MZ 026,No_Special_Notes,2022,Fall
NR,82257,CSCI,220,A,C,3.000,DATA STRUCTURES AND ALGORITHMS,MWF,11:00am-11:50am,97,96,1,0,0,0,0,0,0,"Christopher Robert Painter- Wakefield (P), Joseph R Lovato",08/22-12/16,GC PET,No_Special_Notes,2022,Fall
NR,82258,CSCI,220,B,C,3.000,DATA STRUCTURES AND ALGORITHMS,MWF,02:00pm-02:50pm,95,87,8,0,0,0,0,0,0,"Christopher Robert Painter- Wakefield (P), Tolga Can",08/22-12/16,GC PET,No_Special_Notes,2022,Fall
NR,80920,CSCI,250,A,C,3.000,PYTHON-BASED COMPUTING: BUILDING A SENSOR SYSTEM,MWF,04:00pm-04:50pm,30,12,18,0,0,0,0,0,0,"Cole Andrew Callihan (P), Paul Constantin Sava",08/22-12/16,MZ 022,UG_Req,2022,Fall
NR,81844,CSCI,250,B,C,3.000,PYTHON-BASED COMPUTING: BUILDING A SENSOR SYSTEM,MWF,03:00pm-03:50pm,30,28,2,0,0,0,0,0,0,Paul Constantin Sava (P),08/22-12/16,MZ 022,UG_Req,2022,Fall
NR,81959,CSCI,250,C,C,3.000,PYTHON-BASED COMPUTING: BUILDING A SENSOR SYSTEM,MWF,04:00pm-04:50pm,30,6,24,0,0,0,0,0,0,"Cole Andrew Callihan (P), Paul Constantin Sava",08/22-12/16,MZ 022,UG_Req,2022,Fall
NR,81960,CSCI,250,D,C,3.000,PYTHON-BASED COMPUTING: BUILDING A SENSOR SYSTEM,MWF,03:00pm-03:50pm,30,29,1,0,0,0,0,0,0,Paul Constantin Sava (P),08/22-12/16,MZ 022,UG_Req,2022,Fall
NR,81640,CSCI,261,OL,O,3.000,PROGRAMMING CONCEPTS,AAA,00:00zm-00:00zm,30,18,12,0,0,0,0,0,0,"Dorothy Ann Mann (P), Jeffrey R Paone",08/22-10/17,ONLINE,UG_Req,2022,Fall
NR,81641,CSCI,262,OL,O,3.000,DATA STRUCTURES,AAA,00:00zm-00:00zm,30,14,16,0,0,0,0,0,0,Wendy Denise Fisher (P),10/19-12/14,ONLINE,UG_Req,2022,Fall
NR,80294,CSCI,274,A,C,1.000,INTRODUCTION TO THE LINUX OPERATING SYSTEM,W,02:00pm-02:50pm,60,50,10,0,0,0,0,0,0,"Justin M Bale (P), Ameliaann Blaisy Read",08/22-12/16,MZ 022,UG_Req,2022,Fall
C,80827,CSCI,274,B,C,1.000,INTRODUCTION TO THE LINUX OPERATING SYSTEM,W,03:00pm-03:50pm,65,65,0,0,0,0,0,0,0,"Justin M Bale (P), Ameliaann Blaisy Read",08/22-12/16,CK 130,UG_Req,2022,Fall
C,80921,CSCI,274,C,C,1.000,INTRODUCTION TO THE LINUX OPERATING SYSTEM,F,10:00am-10:50am,60,60,0,0,0,0,0,0,0,"Lucas Henke (P), Ameliaann Blaisy Read",08/22-12/16,MZ 022,UG_Req,2022,Fall
NR,80922,CSCI,303,A,C,3.000,INTRODUCTION TO DATA SCIENCE,TR,03:30pm-04:45pm,45,44,1,0,0,0,60,59,1,Wendy Denise Fisher (P),08/22-12/16,MZ 126,UG_Req,2022,Fall
NR,82348,CSCI,303,B,C,3.000,INTRODUCTION TO DATA SCIENCE,TR,03:30pm-04:45pm,45,23,22,0,0,0,60,37,23,"Morgan Dallas Cox (P), Wendy Denise Fisher",08/22-12/16,AH 340,UG_Req,2022,Fall
NR,81552,CSCI,303,OL,O,3.000,INTRODUCTION TO DATA SCIENCE,AAA,00:00zm-00:00zm,42,39,3,0,0,0,70,60,10,"Morgan Dallas Cox (P), Wendy Denise Fisher",08/22-10/17,ONLINE,UG_Req,2022,Fall
NR,81464,CSCI,306,A,C,3.000,SOFTWARE ENGINEERING,TR,03:30pm-04:45pm,50,7,43,0,0,0,0,0,0,"Caleb Loyal Bartel (P), Mark Lewis Baldwin",08/22-12/16,MZ 026,UG_Req,2022,Fall
NR,80109,CSCI,306,B,C,3.000,SOFTWARE ENGINEERING,TR,11:00am-12:15pm,60,53,7,0,0,0,0,0,0,Mark Lewis Baldwin (P),08/22-12/16,MZ 022,UG_Req,2022,Fall
NR,82154,CSCI,306,C,C,3.000,SOFTWARE ENGINEERING,TR,12:30pm-01:45pm,58,57,1,0,0,0,0,0,0,"Kathleen Marie Kelly (P), Mark Lewis Baldwin",08/22-12/16,MZ 022,UG_Req,2022,Fall
NR,80779,CSCI,306,D,C,3.000,SOFTWARE ENGINEERING,TR,02:00pm-03:15pm,50,47,3,0,0,0,0,0,0,Mark Lewis Baldwin (P),08/22-12/16,MZ 022,UG_Req,2022,Fall
NR,80923,CSCI,341,A,C,3.000,COMPUTER ORGANIZATION,MWF,11:00am-11:50am,65,61,4,0,0,0,0,0,0,"Daniel Hammer (P), John K Bennett",08/22-12/16,AH 340,UG_Req,2022,Fall
NR,80112,CSCI,341,B,C,3.000,COMPUTER ORGANIZATION,MWF,02:00pm-02:50pm,58,53,5,0,0,0,0,0,0,"Rion Gipson- Hansen (P), John K Bennett",08/22-12/16,MZ 335,UG_Req,2022,Fall
NR,81863,CSCI,341,C,C,3.000,COMPUTER ORGANIZATION,TR,08:00am-09:15am,60,33,27,0,0,0,0,0,0,John K Bennett (P),08/22-12/16,MZ 108,UG_Req,2022,Fall
NR,80664,CSCI,358,A,C,3.000,DISCRETE MATHEMATICS,TR,03:30pm-04:45pm,90,84,6,0,0,0,0,0,0,"Evan Marshall Lim (P), Terry Joe Bridgman",08/22-12/16,GC PET,UG_Req,2022,Fall
NR,81280,CSCI,358,B,C,3.000,DISCRETE MATHEMATICS,MWF,01:00pm-01:50pm,100,97,3,0,0,0,0,0,0,Terry Joe Bridgman (P),08/22-12/16,GC PET,UG_Req,2022,Fall
NR,81281,CSCI,370,A,C,4.500,ADVANCED SOFTWARE ENGINEERING,TR,09:30am-12:15pm,115,103,12,0,0,0,0,0,0,"Kathleen Marie Kelly (P), Donna Marie Bodeau , Christopher Robert Painter- Wakefield",08/22-12/16,GC PET,UG_Req,2022,Fall
NR,82156,CSCI,390,A,C,1.000,PROGRAMMING CHALLENGES II,R,03:30pm-04:20pm,40,12,28,0,0,0,0,0,0,"Wendy Denise Fisher (P), Lucas Henke, Jeffrey R Paone",08/22-12/16,AH 140,No_Special_Notes,2022,Fall
NR,81721,CSCI,395,A,C,1.000,INDUSTRY EXPLORATION II,W,03:00pm-06:00pm,15,6,9,0,0,0,0,0,0,Wendy Denise Fisher (P),08/22-12/16,MC 314,No_Special_Notes,2022,Fall
NR,82161,CSCI,398A A,C,1.000,SP TPS: BRIDGE SEMINAR COURSE,W,04:00,pm-04:50pm25,13,12,0,0,0,0,0,0,Wendy,Denise Fisher (P),08/22-12/16,MZ 326,No_Special_Notes,2022,Fall
C,80113,CSCI,400,A,C,3.000,PRINCIPLES OF PROGRAMMING LANGUAGES,TR,02:00pm-03:15pm,72,78,-6,0,0,0,0,0,0,Ameliaann Blaisy Read (P),08/22-12/16,BE 108,UG_Req,2022,Fall
C,81465,CSCI,400,B,C,3.000,PRINCIPLES OF PROGRAMMING LANGUAGES,TR,03:30pm-04:45pm,71,71,0,0,0,0,0,0,0,"Jonathan Sumner Van Evans (P), Ameliaann Blaisy Read",08/22-12/16,MZ 326,UG_Req,2022,Fall
NR,80725,CSCI,403,A,C,3.000,DATA BASE MANAGEMENT,MWF,09:00am-09:50am,72,69,3,0,0,0,0,0,0,Ameliaann Blaisy Read (P),08/22-12/16,MZ 326,UG_Req,2022,Fall
NR,81282,CSCI,403,B,C,3.000,DATA BASE MANAGEMENT,MWF,10:00am-10:50am,69,66,3,0,0,0,0,0,0,Ameliaann Blaisy Read (P),08/22-12/16,AH 330,UG_Req,2022,Fall
C,80221,CSCI,406,A,C,3.000,ALGORITHMS,MWF,12:00pm-12:50pm,170,174,-4,0,0,0,0,0,0,Dinesh Prakash Mehta (P),08/22-12/16,GC MET,UG_Req,2022,Fall
NR,80806,CSCI,423,A,C,3.000,COMPUTER SIMULATION,TR,12:30pm-01:45pm,47,41,6,0,0,0,0,0,0,Keith E Hellman (P),08/22-12/16,MZ 108,No_Special_Notes,2022,Fall
NR,81535,CSCI,436,A,C,3.000,HUMAN-ROBOT INTERACTION,MW,02:00pm-02:50pm,20,18,2,0,0,0,50,38,12,Thomas Emrys Williams (P),08/22-12/16,BB 125,No_Special_Notes,2022,Fall
NR,81837,CSCI,436,LA,C,0.000,HUMAN-ROBOT INTERACTION,F,01:00pm-02:59pm,10,9,1,0,0,0,25,20,5,Thomas Emrys Williams (P),08/22-12/16,BB 125/BB136,No_Special_Notes,2022,Fall
NR,81838,CSCI,436,LB,C,0.000,HUMAN-ROBOT INTERACTION,F,03:01pm-04:59pm,10,9,1,0,0,0,25,18,7,Thomas Emrys Williams (P),08/22-12/16,BB 136/BB125,No_Special_Notes,2022,Fall
NR,80937,CSCI,437,A,C,3.000,INTRODUCTION TO COMPUTER VISION,MWF,09:00am-09:50am,60,57,3,0,0,0,76,66,10,"Thomas Emrys Williams (P), Ruchen Wen",08/22-12/16,CK 130,UG_Req,2022,Fall
NR,80758,CSCI,441,A,C,3.000,COMPUTER GRAPHICS,MWF,01:00pm-01:50pm,60,46,14,0,0,0,0,0,0,Jeffrey R Paone (P),08/22-12/16,AH 340/MZ022,No_Special_Notes,2022,Fall
C,81466,CSCI,442,A,C,3.000,OPERATING SYSTEMS,TR,11:00am-12:15pm,73,77,-4,0,0,0,0,0,0,Dong Chen (P),08/22-12/16,MZ 326,UG_Req,2022,Fall
NR,80114,CSCI,442,B,C,3.000,OPERATING SYSTEMS,TR,12:30pm-01:45pm,73,72,1,0,0,0,0,0,0,Dong Chen (P),08/22-12/16,MZ 326,UG_Req,2022,Fall
C,81283,CSCI,445,A,O,3.000,WEB PROGRAMMING,AAA,00:00zm-00:00zm,40,40,0,0,0,0,0,0,0,Cynthia A Rader (P),08/22-12/16,ONLINE,No_Special_Notes,2022,Fall
NR,82345,CSCI,445,B,O,3.000,WEB PROGRAMMING,AAA,00:00zm-00:00zm,40,38,2,0,0,0,0,0,0,"Eric Lawrence Dattore (P), Cynthia A Rader",08/22-12/16,ONLINE,No_Special_Notes,2022,Fall
C,80924,CSCI,470,A,C,3.000,INTRODUCTION TO MACHINE LEARNING,TR,11:00am-12:15pm,56,56,0,0,0,0,72,72,0,"Tolga Can (P), Zibo Wang",08/22-12/16,CO 219,UG_Req,2022,Fall
NR,81232,CSCI,470,B,C,3.000,INTRODUCTION TO MACHINE LEARNING,TR,02:00pm-03:15pm,60,58,2,0,0,0,72,68,4,Zibo Wang (P),08/22-12/16,CO 219,UG_Req,2022,Fall
NR,82321,CSCI,470,C,C,3.000,INTRODUCTION TO MACHINE LEARNING,TR,12:30pm-01:45pm,50,25,25,0,0,0,60,32,28,"Zhennan Shi (P), Zibo Wang",08/22-12/16,MZ 126,UG_Req,2022,Fall
C,81651,CSCI,470,OL,O,3.000,INTRODUCTION TO MACHINE LEARNING,AAA,00:00zm-00:00zm,45,45,0,0,0,0,60,58,2,Zibo Wang (P),10/19-12/14,ONLINE,UG_Req,2022,Fall
NR,80726,CSCI,471,A,C,3.000,COMPUTER NETWORKS I,TR,07:00pm-08:15pm,110,90,20,0,0,0,0,0,0,Phillip Richardson Romig (P),08/22-12/16,GC PET,UG_Req,2022,Fall
NR,80807,CSCI,475,A,C,3.000,INFORMATION SECURITY AND PRIVACY,MW,10:00am-10:50am,110,107,3,0,0,0,0,0,0,Phillip Richardson Romig (P),08/22-12/16,GC PET,UG_Req,2022,Fall
C,82130,CSCI,475,LA,C,0.000,INFORMATION SECURITY AND PRIVACY,F,12:00pm-12:50pm,60,60,0,0,0,0,0,0,0,Phillip Richardson Romig (P),08/22-12/16,MZ 022,UG_Req,2022,Fall
NR,82131,CSCI,475,LB,C,0.000,INFORMATION SECURITY AND PRIVACY,F,01:00pm-01:50pm,60,47,13,0,0,0,0,0,0,Phillip Richardson Romig (P),08/22-12/16,MZ 026,UG_Req,2022,Fall
NR,81785,CSCI,478,A,C,3.000,INTRODUCTION TO BIOINFORMATICS,TR,08:00am-09:15am,34,30,4,0,0,0,72,69,3,Tolga Can (P) ,08/22-12/16,MZ 226,No_Special_Notes,2022,Fall
NR,82206,CSCI,128,A,C,3.000,COMPUTER SCIENCE FOR STEM,MWF,12:00pm-12:50pm,63,59,4,0,0,0,0,0,0,"Christine Liebe (P), Robert Haven Thompson",08/21-12/15,BB W210,No_Special_Notes,2023,Fall
C,82207,CSCI,128,B,C,3.000,COMPUTER SCIENCE FOR STEM,MWF,12:00pm-12:50pm,72,72,0,0,0,0,0,0,0,"Victoria Laine Messmore (P), Robert Haven Thompson",08/21-12/15,MZ 326,No_Special_Notes,2023,Fall
NR,82220,CSCI,128,C,C,3.000,COMPUTER SCIENCE FOR STEM,MWF,12:00pm-12:50pm,86,85,1,0,0,0,0,0,0,"Drew Robert Cornmesser (P), Robert Haven Thompson",08/21-12/15,BB W250,No_Special_Notes,2023,Fall
NR,82208,CSCI,128,D,C,3.000,COMPUTER SCIENCE FOR STEM,MWF,01:00pm-01:50pm,72,65,7,0,0,0,0,0,0,"Victoria Laine Messmore (P), Robert Haven Thompson",08/21-12/15,MZ 326,No_Special_Notes,2023,Fall
NR,82209,CSCI,128,E,C,3.000,COMPUTER SCIENCE FOR STEM,MWF,01:00pm-01:50pm,63,59,4,0,0,0,0,0,0,"Christine Liebe (P), Robert Haven Thompson",08/21-12/15,BB W210,No_Special_Notes,2023,Fall
NR,82221,CSCI,128,F,C,3.000,COMPUTER SCIENCE FOR STEM,MWF,01:00pm-01:50pm,85,82,3,0,0,0,0,0,0,"Katherine Anna Aubert (P), Robert Haven Thompson",08/21-12/15,CK 130,No_Special_Notes,2023,Fall
NR,82210,CSCI,128,G,C,3.000,COMPUTER SCIENCE FOR STEM,MWF,02:00pm-02:50pm,72,68,4,0,0,0,0,0,0,Robert Haven Thompson (P),08/21-12/15,MZ 326,No_Special_Notes,2023,Fall
NR,82211,CSCI,128,H,C,3.000,COMPUTER SCIENCE FOR STEM,MWF,02:00pm-02:50pm,63,60,3,0,0,0,0,0,0,"Eric William Roels (P), Robert Haven Thompson",08/21-12/15,CO 219,No_Special_Notes,2023,Fall
NR,82212,CSCI,128,I,C,3.000,COMPUTER SCIENCE FOR STEM,MWF,03:00pm-03:50pm,72,65,7,0,0,0,0,0,0,Robert Haven Thompson (P),08/21-12/15,MZ 326,No_Special_Notes,2023,Fall
NR,82213,CSCI,128,J,C,3.000,COMPUTER SCIENCE FOR STEM,MWF,03:00pm-03:50pm,60,55,5,0,0,0,0,0,0,"Jaren R Peckham (P), Robert Haven Thompson",08/21-12/15,MZ 022,No_Special_Notes,2023,Fall
NR,82214,CSCI,128,K,C,3.000,COMPUTER SCIENCE FOR STEM,MWF,04:00pm-04:50pm,72,71,1,0,0,0,0,0,0,Robert Haven Thompson (P),08/21-12/15,MZ 326,No_Special_Notes,2023,Fall
NR,82215,CSCI,128,L,C,3.000,COMPUTER SCIENCE FOR STEM,MWF,04:00pm-04:50pm,85,74,11,35,0,35,0,0,0,"Umut Mete Saka (P), Robert Haven Thompson",08/21-12/15,GC PET,No_Special_Notes,2023,Fall
NR,82351,CSCI,195,A,C,1.000,CS@MINES BRIDGE SEMINAR COURSE,T,02:00pm-02:50pm,20,11,9,10,0,10,0,0,0,"Kelsie Lynne Diaz (P), Wendy Denise Fisher",08/21-12/15,LB 121,No_Special_Notes,2023,Fall
NR,82287,CSCI,200,A,C,3.000,FOUNDATIONAL PROGRAMMING CONCEPTS & DESIGN,MWF,08:00am-08:50am,60,59,1,25,0,25,0,0,0,"Clark Scholten (P), Jeffrey R Paone",08/21-12/15,MZ 026,No_Special_Notes,2023,Fall
C,81699,CSCI,200,B,C,3.000,FOUNDATIONAL PROGRAMMING CONCEPTS & DESIGN,MWF,09:00am-09:50am,60,60,0,25,0,25,0,0,0,"Clark Scholten (P), Jeffrey R Paone",08/21-12/15,MZ 026,No_Special_Notes,2023,Fall
C,81700,CSCI,200,C,C,3.000,FOUNDATIONAL PROGRAMMING CONCEPTS & DESIGN,MWF,10:00am-10:50am,60,60,0,25,0,25,0,0,0,Jeffrey R Paone (P),08/21-12/15,MZ 026,No_Special_Notes,2023,Fall
NR,81701,CSCI,200,D,C,3.000,FOUNDATIONAL PROGRAMMING CONCEPTS & DESIGN,MWF,11:00am-11:50am,60,58,2,25,0,25,0,0,0,Jeffrey R Paone (P),08/21-12/15,MZ 026,No_Special_Notes,2023,Fall
NR,81702,CSCI,200,E,C,3.000,FOUNDATIONAL PROGRAMMING CONCEPTS & DESIGN,MWF,12:00pm-12:50pm,60,59,1,25,0,25,0,0,0,"Clark Scholten (P), Jeffrey R Paone",08/21-12/15,MZ 026,No_Special_Notes,2023,Fall
C,82566,CSCI,200,F,C,3.000,FOUNDATIONAL PROGRAMMING CONCEPTS & DESIGN,MWF,09:00am-09:50am,65,68,-3,25,0,25,0,0,0,"Zibo Wang (P), Jeffrey R Paone",08/21-12/15,CK 130,No_Special_Notes,2023,Fall
NR,81813,CSCI,220,A,C,3.000,DATA STRUCTURES AND ALGORITHMS,MWF,11:00am-11:50am,120,119,1,25,0,25,0,0,0,"Christopher Robert Painter- Wakefield (P), Colter Henry Snyder",08/21-12/15,GC PET,No_Special_Notes,2023,Fall
NR,81814,CSCI,220,B,C,3.000,DATA STRUCTURES AND ALGORITHMS,MWF,02:00pm-02:50pm,120,116,4,25,0,25,0,0,0,"Christopher Robert Painter- Wakefield (P), Keith E Hellman",08/21-12/15,GC PET,No_Special_Notes,2023,Fall
C,81599,CSCI,250,A,C,3.000,PYTHON-BASED COMPUTING: BUILDING A SENSOR SYSTEM,MWF,11:00am-11:50am,32,33,-1,0,0,0,0,0,0,Paul Constantin Sava (P),08/21-12/15,GC 228,UG_Req,2023,Fall
NR,81637,CSCI,250,C,C,3.000,PYTHON-BASED COMPUTING: BUILDING A SENSOR SYSTEM,MWF,11:00am-11:50am,32,31,1,0,0,0,0,0,0,Paul Constantin Sava (P),08/21-12/15,GC 228,UG_Req,2023,Fall
NR,80266,CSCI,274,A,C,1.000,INTRODUCTION TO THE LINUX OPERATING SYSTEM,W,02:00pm-02:50pm,60,58,2,25,0,25,0,0,0,,MZ 022,UG_Req,,2023,Fall
NR,80774,CSCI,274,B,C,1.000,INTRODUCTION TO THE LINUX OPERATING SYSTEM,W,03:00pm-03:50pm,95,92,3,25,0,25,0,0,0,,CK 130,UG_Req,,2023,Fall
C,80862,CSCI,274,C,C,1.000,INTRODUCTION TO THE LINUX OPERATING SYSTEM,F,12:00pm-12:50pm,60,60,0,25,0,25,0,0,0,,MZ 022,UG_Req,,2023,Fall
NR,82269,CSCI,290,A,C,1.000,PROGRAMMING,CHALLENGES I,R03:30pm-04:20,pm,35,28,7,25,0,25,60,31,"29 Lucas Henke (P), Wendy Denise Fisher , Jeffrey R Paone",08/21-12/15,MZ 108,No_Special_Notes,2023,Fall
NR,80863,CSCI,303,A,C,3.000,INTRODUCTION TO DATA SCIENCE,TR,08:00am-09:15am,50,23,27,25,0,25,70,43,27,"Morgan Dallas Cox (P), Wendy Denise Fisher",08/21-12/15,HH 202,UG_Req,2023,Fall
NR,81897,CSCI,303,B,C,3.000,INTRODUCTION TO DATA SCIENCE,TR,03:30pm-04:45pm,50,37,13,25,0,25,70,56,14,"Arthur Astacus Harris (P), Morgan Dallas Cox, Wendy Denise Fisher",08/21-12/15,AH 340,UG_Req,2023,Fall
C,81414,CSCI,303,OL,O,3.000,INTRODUCTION TO DATA SCIENCE,AAA,00:00zm-00:00zm,44,44,0,15,0,15,66,63,3,"Morgan Dallas Cox (P), Wendy Denise Fisher",08/21-10/16,ONLINE,UG_Req,2023,Fall
C,80100,CSCI,306,A,C,3.000,SOFTWARE ENGINEERING,TR,11:00am-12:15pm,60,60,0,25,0,25,0,0,0,Kathleen Marie Kelly (P),08/21-12/15,MZ 022,UG_Req,2023,Fall
NR,81724,CSCI,306,B,C,3.000,SOFTWARE ENGINEERING,TR,12:30pm-01:45pm,60,52,8,25,0,25,0,0,0,Kathleen Marie Kelly (P),08/21-12/15,MZ 022,UG_Req,2023,Fall
NR,80728,CSCI,306,C,C,3.000,SOFTWARE ENGINEERING,TR,02:00pm-03:15pm,60,49,11,25,0,25,0,0,0,Kathleen Marie Kelly (P),08/21-12/15,MZ 022,UG_Req,2023,Fall
C,80864,CSCI,341,A,C,3.000,COMPUTER ORGANIZATION,TR,12:30pm-01:45pm,90,90,0,25,0,25,0,0,0,Bo Wu (P),08/21-12/15,GC PET,UG_Req,2023,Fall
NR,80103,CSCI,341,B,C,3.000,COMPUTER ORGANIZATION,MW,04:30pm-05:45pm,63,59,4,25,0,25,0,0,0,Kelsey Rae Fulton (P),08/21-12/15,BB W210,UG_Req,2023,Fall
NR,80619,CSCI,358,A,C,3.000,DISCRETE MATHEMATICS,TR,09:30am-10:45am,95,92,3,0,0,0,0,0,0,Dejun Yang (P),08/21-12/15,GC MET,UG_Req,2023,Fall
C,81162,CSCI,358,B,C,3.000,DISCRETE MATHEMATICS,MWF,09:00am-09:50am,102,102,0,0,0,0,0,0,0,Terry Joe Bridgman (P),08/21-12/15,BB W280,UG_Req,2023,Fall
C,81163,CSCI,370,A,C,5.000,ADVANCED SOFTWARE ENGINEERING,TR,09:30am-12:15pm,120,126,-6,0,0,0,0,0,0,"Kathleen Marie Kelly (P), Ruth Iris Bahar, Donna Marie Bodeau, Lorenzo Joseph Gallegos, Jonathan David Lindemann- Michael, Christopher Robert Painter- Wakefield, Chloe Ross, Bo Wu",08/21-12/15,GC PET,UG_Req,2023,Fall
NR,81726,CSCI,390,A,C,1.000,PROGRAMMING CHALLENGES II,R,03:30pm-04:20pm,15,1,14,25,0,25,60,31,29,"Lucas Henke (P), Wendy Denise Fisher , Jeffrey R Paone",08/21-12/15,MZ 108,No_Special_Notes,2023,Fall
NR,81525,CSCI,395,A,C,1.000,INDUSTRY EXPLORATION II,W,03:00pm-05:59pm,20,9,11,10,0,10,0,0,0,"Justyna Glode (P), Wendy Denise Fisher",08/21-12/15,MZ 108,No_Special_Notes,2023,Fall
NR,82419,CSCI,398A B,C,1.000,SP TPS: PATH TO GRAD SCHOOL,W,10:00,am-10:50am25,20,5,10,0,10,0,0,0,Kelsie Lynne,Diaz (P),08/21-12/15,MZ 108,No_Special_Notes,2023,Fall
C,80104,CSCI,400,A,C,3.000,PRINCIPLES OF PROGRAMMING LANGUAGES,TR,02:00pm-03:15pm,94,95,-1,25,0,25,0,0,0,Tolga Can (P) ,08/21-12/15,GC PET,UG_Req,2023,Fall
NR,81334,CSCI,400,B,C,3.000,PRINCIPLES OF PROGRAMMING LANGUAGES,TR,03:30pm-04:45pm,90,81,9,25,0,25,0,0,0,"Gregory L Davoll (P), Tolga Can",08/21-12/15,GC PET,UG_Req,2023,Fall
NR,80677,CSCI,403,A,C,3.000,DATA BASE MANAGEMENT,MWF,09:00am-09:50am,75,59,16,25,0,25,0,0,0,Gabriel Tomas Fierro (P),08/21-12/15,MZ 126,UG_Req,2023,Fall
NR,81164,CSCI,403,B,C,3.000,DATA BASE MANAGEMENT,MWF,10:00am-10:50am,75,74,1,25,0,25,0,0,0,"Hayden O Cooreman (P), Gabriel Tomas Fierro",08/21-12/15,BB W250,UG_Req,2023,Fall
NR,80198,CSCI,406,A,C,3.000,ALGORITHMS,MWF,12:00pm-12:50pm,166,164,2,15,0,15,0,0,0,"Dinesh Prakash Mehta (P), Jonathan Sumner Van Evans",08/21-12/15,GC MET,UG_Req,2023,Fall
NR,80754,CSCI,423,A,C,3.000,COMPUTER SIMULATION,TR,12:30pm-01:45pm,60,53,7,25,0,25,0,0,0,Keith E Hellman (P),08/21-12/15,MZ 108,No_Special_Notes,2023,Fall
NR,80877,CSCI,437,A,C,3.000,INTRODUCTION TO COMPUTER VISION,MWF,04:00pm-04:50pm,35,28,7,25,0,25,110,74,36,"Hisham Sager (P), Kaveh Fathian",08/21-12/15,CK 130,UG_Req,2023,Fall
NR,80709,CSCI,441,A,C,3.000,COMPUTER GRAPHICS,MWF,01:00pm-01:50pm,60,47,13,25,0,25,0,0,0,Jeffrey R Paone (P),08/21-12/15,AH 330/MZ 022,No_Special_Notes,2023,Fall
NR,81335,CSCI,442,A,C,3.000,OPERATING SYSTEMS,TR,08:00am-09:15am,70,32,38,25,0,25,0,0,0,"Jesus Nunez (P), Mehmet Esat Belviranli",08/21-12/15,GC PET,UG_Req,2023,Fall
NR,80105,CSCI,442,B,C,3.000,OPERATING SYSTEMS,TR,12:30pm-01:45pm,110,99,11,25,0,25,0,0,0,Mehmet Esat Belviranli (P),08/21-12/15,BB W280,UG_Req,2023,Fall
NR,81165,CSCI,445,A,C,3.000,WEB PROGRAMMING,TR,03:30pm-04:45pm,60,57,3,25,0,25,0,0,0,"Eric Lawrence Dattore (P), Wendy Denise Fisher",08/21-12/15,MZ 226,No_Special_Notes,2023,Fall
NR,82201,CSCI,455,A,C,3.000,GAME THEORY AND NETWORKS,TR,02:00pm-03:15pm,25,24,1,25,0,25,70,67,3,Dejun Yang (P),08/21-12/15,BE 108,No_Special_Notes,2023,Fall
C,80865,CSCI,470,A,C,3.000,INTRODUCTION TO MACHINE LEARNING,TR,11:00am-12:15pm,59,59,0,0,0,0,72,72,0,Zibo Wang (P),08/21-12/15,CO 219,UG_Req,2023,Fall
C,81117,CSCI,470,B,C,3.000,INTRODUCTION TO MACHINE LEARNING,TR,02:00pm-03:15pm,63,63,0,0,0,0,72,72,0,Zibo Wang (P),08/21-12/15,MZ 226,UG_Req,2023,Fall
C,81481,CSCI,470,OL,O,3.000,INTRODUCTION TO MACHINE LEARNING,AAA,00:00zm-00:00zm,45,45,0,0,0,0,60,53,7,Zibo Wang (P),10/18-12/13,ONLINE ,UG_Req,2023,Fall
NR,80678,CSCI,471,A,C,3.000,COMPUTER NETWORKS I,MWF,03:00pm-03:50pm,120,100,20,25,0,25,0,0,0,Phillip Richardson Romig (P),08/21-12/15,GC MET,UG_Req,2023,Fall
NR,80755,CSCI,475,A,C,3.000,INFORMATION SECURITY AND PRIVACY,MW,10:00am-10:50am,90,89,1,25,0,25,0,0,0,Phillip Richardson Romig (P),08/21-12/15,GC PET,UG_Req,2023,Fall
NR,82507,CSCI,475,B,C,3.000,INFORMATION SECURITY AND PRIVACY,MW,10:00am-10:50am,45,36,9,25,0,25,0,0,0,Guannan Liu (P),08/21-12/15,AH 140,UG_Req,2023,Fall
C,81704,CSCI,475,LA,C,0.000,INFORMATION SECURITY AND PRIVACY,F,10:00am-10:50am,60,60,0,25,0,25,0,0,0,Phillip Richardson Romig (P),08/21-12/15,MZ 022,UG_Req,2023,Fall
NR,81705,CSCI,475,LB,C,0.000,INFORMATION SECURITY AND PRIVACY,F,01:00pm-01:50pm,60,37,23,25,0,25,0,0,0,Guannan Liu (P),08/21-12/15,MZ 026,UG_Req,2023,Fall
NR,82465,CSCI,475,LC,C,0.000,INFORMATION SECURITY AND PRIVACY,F,10:00am-10:50am,60,28,32,0,0,0,0,0,0,Phillip Richardson Romig (P),08/21-12/15,GC PET,UG_Req,2023,Fall
NR,81567,CSCI,478,A,C,3.000,INTRODUCTION TO BIOINFORMATICS,TR,08:00am-09:15am,50,42,8,25,0,25,100,92,8,Tolga Can (P) ,08/21-12/15,CK 140,No_Special_Notes,2023,Fall
C,81734,CSCI,128,A,C,3,COMPUTER SCIENCE FOR STEM,MWF,12:00pm-12:50pm,60,0,60,25,0,25,0,0,0,Christine Liebe,08/12-12/05,AH 330,UG_Req,2024,Fall
C,81735,CSCI,128,B,C,3,COMPUTER SCIENCE FOR STEM,MWF,12:00pm-12:50pm,70,0,70,25,0,25,0,0,0,,08/12-12/05,MZ 326,UG_Req,2024,Fall
C,81736,CSCI,128,D,C,3,COMPUTER SCIENCE FOR STEM,MWF,01:00pm-01:50pm,70,0,70,25,0,25,0,0,0,,08/12-12/05,MZ 326,UG_Req	,2024,Fall
C,81737,CSCI,128,E,C,3,COMPUTER SCIENCE FOR STEM,MWF,01:00pm-01:50pm,60,0,60,25,0,25,0,0,0,Christine Liebe,08/12-12/05,AH 330,UG_Req,2024,Fall
C,81738,CSCI,128,H,C,3,COMPUTER SCIENCE FOR STEM,MWF,02:00pm-02:50pm,70,0,70,25,0,25,0,0,0,Robert Haven Thompson,08/12-12/05,MZ 326,UG_Req,2024,Fall
C,81739,CSCI,128,I,C,3,COMPUTER SCIENCE FOR STEM,MWF,02:00pm-02:50pm,70,0,70,25,0,25,0,0,0,,08/12-12/05,CO 219,UG_Req,2024,Fall
C,81740,CSCI,128,J,C,3,COMPUTER SCIENCE FOR STEM,MWF,03:00pm-03:50pm,70,0,70,25,0,25,0,0,0,Robert Haven Thompson,08/12-12/05,MZ 326,UG_Req,2024,Fall
C,81741,CSCI,128,K,C,3,COMPUTER SCIENCE FOR STEM,MWF,03:00pm-03:50pm,60,0,60,25,0,25,0,0,0,Chinyere Kafi Marie Isaac-Helsop,08/12-12/05,MZ 022,UG_Req,2024,Fall
C,81742,CSCI,128,L,C,3,COMPUTER SCIENCE FOR STEM,MWF,04:00pm-04:50pm,70,0,70,25,0,25,0,0,0,,08/12-12/05,MZ 326,UG_Req,2024,Fall
C,81748,CSCI,128,M,C,3,COMPUTER SCIENCE FOR STEM,MWF,04:00pm-04:50pm,70,0,70,25,0,25,0,0,0,,08/12-12/05,CK 130,UG_Req,2024,Fall
NR,81749,CSCI,200,C,C,3,FOUNDATIONAL PROGRAMMING CONCEPTS & DESIGN,MWF,09:00am-09:50am,60,0,60,25,0,25,0,0,0,Clark Scholten,08/12-12/05,MZ 026,UG_Req,2024,Fall
NR,81750,CSCI,200,D,C,3,FOUNDATIONAL PROGRAMMING CONCEPTS & DESIGN,MWF,10:00am-10:50am,72,0,72,25,0,25,0,0,0,Jeffrey R Paone,08/12-12/05,MZ 326,UG_Req,2024,Fall
NR,81451,CSCI,200,F,C,3,FOUNDATIONAL PROGRAMMING CONCEPTS & DESIGN,MWF,11:00am-11:50am,72,0,72,25,0,25,0,0,0,Jeffrey R Paone,08/12-12/05,MZ 326,UG_Req,2024,Fall
NR,81452,CSCI,200,G,C,3,FOUNDATIONAL PROGRAMMING CONCEPTS & DESIGN,MWF,11:00am-11:50am,60,0,60,25,0,25,0,0,0,Clark Scholten,08/12-12/05,MZ 026,UG_Req,2024,Fall
NR,82024,CSCI,200,B,C,3,FOUNDATIONAL PROGRAMMING CONCEPTS & DESIGN,MWF,09:00am-09:50am,72,0,72,25,0,25,0,0,0,Zibo Wang,08/12-12/05,MZ 326,UG_Req,2024,Fall
NR,82025,CSCI,200,E,C,3,FOUNDATIONAL PROGRAMMING CONCEPTS & DESIGN,MWF,10:00am-10:50am,60,0,60,25,0,25,0,0,0,Zibo Wang,08/12-12/05,MZ 326,UG_Req,2024,Fall
NR,81503,CSCI,220,A,C,3,DATA STRUCTURES AND ALGORITHMS,MWF,11:00am-11:50am,120,0,120,25,0,25,0,0,0,Christopher Robert Painter-Wakefield,08/12-12/05,GC PET,UG_Req,2024,Fall
NR,81504,CSCI,220,B,C,3,DATA STRUCTURES AND ALGORITHMS,MWF,02:00pm-02:50pm,120,0,120,25,0,25,0,0,0,Christopher Robert Painter-Wakefield,08/12-12/05,GC PET,UG_Req,2024,Fall
NR,80096,CSCI,306,A,C,3,SOFTWARE ENGINEERING,MWF,10:00am-10:50am,60,0,60,25,0,25,0,0,0,,08/12-12/05,CK 130,UG_Req,2024,Fall
NR,80688,CSCI,306,C,C,3,SOFTWARE ENGINEERING,MWF,01:00pm-01:50pm,60,0,60,25,0,25,0,0,0,Kathleen Marie Kelly,08/12-12/05,MZ 026,UG_Req,2024,Fall
NR,81463,CSCI,306,B,C,3,SOFTWARE ENGINEERING,MWF,12:00pm-12:50pm,60,0,60,25,0,25,0,0,0,Robert Haven Thompson,08/12-12/05,MZ 026,UG_Req,2024,Fall
NR,80787,CSCI,341,A,C,3,COMPUTER ORGANIZATION,TR,12:30pm-01:45pm,150,0,150,25,0,25,0,0,0,Bo Wu,08/12-12/05,GC MET,UG_Req,2024,Fall
NR,80584,CSCI,358,A,C,3,DISCRETE MATHEMATICS,TR,09:30am-10:45am,100,0,100,25,0,25,0,0,0,Dejun Yang,08/12-12/05,GC MET,UG_Req,2024,Fall
NR,81032,CSCI,358,B,C,3,DISCRETE MATHEMATICS,MWF,09:00am-09:50am,60,0,60,25,0,25,0,0,0,Terry Joe Bridgman,08/12-12/05,BH 243,UG_Req,2024,Fall
NR,82223,CSCI,358,C,C,3,DISCRETE MATHEMATICS,MWF,10:00am-10:50am,60,0,60,25,0,25,0,0,0,,08/12-12/05,MZ 108,UG_Req,2024,Fall
NR,81033,CSCI,370,A,L,3,ADVANCED SOFTWARE ENGINEERING,TR,08:00a-09:25a,120,0,120,25,0,25,0,0,0,Kathleen Marie Kelly,08/12-12/05,GC MET,UG_Req,2024,Fall
NR,80100,CSCI,400,B,C,3,PRINCIPLES OF PROGRAMMING LANGUAGES,TR,02:00pm-03:15pm,90,0,90,25,0,25,0,0,0,,08/12-12/05,GC PET,UG_Req,2024,Fall
NR,81159,CSCI,400,A,C,3,PRINCIPLES OF PROGRAMMING LANGUAGES,TR,11:00am-12:15pm,90,0,90,25,0,25,0,0,0,,08/12-12/05,GC PET,UG_Req,2024,Fall
NR,80642,CSCI,403,A,C,3,DATA BASE MANAGEMENT,MWF,03:00pm-03:50pm,75,0,75,25,0,25,0,0,0,Gregory L Davoll,08/12-12/05,BB W280,UG_Req,2024,Fall
NR,80192,CSCI,406,A,C,3,ALGORITHMS,MWF,12:00pm-12:50pm,150,0,150,25,0,25,0,0,0,Dinesh Prakash Mehta,08/12-12/05,GC MET,UG_Req,2024,Fall
NR,80101,CSCI,442,A,C,3,OPERATING SYSTEMS,TR,12:30pm-01:45pm,120,0,120,25,0,25,0,0,0,Mehmet Esat Beliveranli,08/12-12/05,GC PET,UG_Req,2024,Fall
NR,81160,CSCI,442,B,C,3,OPERATING SYSTEMS,TR,03:30pm-04:45pm,80,0,80,25,0,25,0,0,0,,08/12-12/05,MZ 126,UG_Req,2024,Fall
NR,10235,CSCI,101,A,C,3.0,INTRODUCTION TO COMPUTER SCIENCE,MWF,01:00pm-01:50pm,60,59,1,0,0,0,0,0,0,"Grace Katherine Jung (P), Robert Haven Thompson",01/11-05/13,MZ 235,UG_Req,2022,Spring
C,10811,CSCI,101,B,C,3.0,INTRODUCTION TO COMPUTER SCIENCE,MWF,02:00pm-02:50pm,60,63,-3,0,0,0,0,0,0,Robert Haven Thompson (P),01/11-05/13,MZ 235,UG_Req,2022,Spring
C,10812,CSCI,101,C,C,3.0,INTRODUCTION TO COMPUTER SCIENCE,MWF,03:00pm-03:50pm,60,60,0,0,0,0,0,0,0,Robert Haven Thompson (P),01/11-05/13,AH 330,UG_Req,2022,Spring
C,10264,CSCI,101,D,C,3.0,INTRODUCTION TO COMPUTER SCIENCE,MWF,01:00pm-01:50pm,65,66,-1,0,0,0,0,0,0,"Clark Scholten (P), Robert Haven Thompson",01/11-05/13,BB W250,UG_Req,2022,Spring
NR,11319,CSCI,101,E,C,3.0,INTRODUCTION TO COMPUTER SCIENCE,MWF,02:00pm-02:50pm,65,62,3,0,0,0,0,0,0,"Megan Kinsley Shapiro (P), Robert Haven Thompson",01/11-05/13,AH 340,UG_Req,2022,Spring
NR,11320,CSCI,101,F,C,3.0,INTRODUCTION TO COMPUTER SCIENCE,MWF,03:00pm-03:50pm,65,58,7,0,0,0,0,0,0,"Megan Kinsley Shapiro (P), Robert Haven Thompson",01/11-05/13,AH 340,UG_Req,2022,Spring
NR,11321,CSCI,101,G,C,3.0,INTRODUCTION TO COMPUTER SCIENCE,MWF,04:00pm-04:50pm,65,58,7,0,0,0,0,0,0,"Clark Scholten (P), Robert Haven Thompson",01/11-05/13,CK 130,UG_Req,2022,Spring
NR,11322,CSCI,101,H,C,3.0,INTRODUCTION TO COMPUTER SCIENCE,MWF,04:00pm-04:50pm,65,64,1,0,0,0,0,0,0,"Rion Gipson- Hansen (P), Robert Haven Thompson",01/11-05/13,BB W250,UG_Req,2022,Spring
NR,12221,CSCI,101,I,C,3.0,INTRODUCTION TO COMPUTER SCIENCE,MWF,03:00pm-03:50pm,65,62,3,0,0,0,0,0,0,"Connor Allan Barnes (P), Robert Haven Thompson",01/11-05/13,MZ 326,UG_Req,2022,Spring
NR,11126,CSCI,102,A,C,1.0,INTRODUCTION TO COMPUTER SCIENCE - LAB,TR,09:30am-10:45am,60,58,2,0,0,0,0,0,0,"Tanner Scott Lee (P), Christine Liebe",01/11-05/13,MZ 022,No_Special_Notes,2022,Spring
NR,11127,CSCI,102,B,C,1.0,INTRODUCTION TO COMPUTER SCIENCE - LAB,TR,09:30am-10:45am,90,89,1,0,0,0,0,0,0,"Kyle Shay Thomas Moran (P), Christine Liebe",01/11-05/13,CK 130,No_Special_Notes,2022,Spring
C,11128,CSCI,102,C,C,1.0,INTRODUCTION TO COMPUTER SCIENCE - LAB,TR,11:00am-12:15pm,95,95,0,0,0,0,0,0,0,"Eric William Roels (P), Christine Liebe",01/11-05/13,CK 130,No_Special_Notes,2022,Spring
C,11323,CSCI,102,D,C,1.0,INTRODUCTION TO COMPUTER SCIENCE - LAB,TR,11:00am-12:15pm,60,60,0,0,0,0,0,0,0,Christine Liebe (P),01/11-05/13,MZ 022,No_Special_Notes,2022,Spring
C,11324,CSCI,102,E,C,1.0,INTRODUCTION TO COMPUTER SCIENCE - LAB,TR,03:30pm-04:45pm,60,60,0,0,0,0,0,0,0,"Eric William Roels (P), Christine Liebe",01/11-05/13,MZ 022,No_Special_Notes,2022,Spring
NR,11325,CSCI,102,F,C,1.0,INTRODUCTION TO COMPUTER SCIENCE - LAB,TR,03:30pm-04:45pm,60,58,2,0,0,0,0,0,0,"Shane Romero (P), Christine Liebe",01/11-05/13,MZ 026,No_Special_Notes,2022,Spring
NR,11575,CSCI,102,G,C,1.0,INTRODUCTION TO COMPUTER SCIENCE - LAB,TR,02:00pm-03:15pm,60,18,42,0,0,0,0,0,0,"JoAnn Regina Hemann (P), Christine Liebe",01/11-05/13,MZ 022,No_Special_Notes,2022,Spring
C,11928,CSCI,102,OL,O,1.0,INTRODUCTION TO COMPUTER SCIENCE - LAB,AAA,00:00zm-00:00zm,40,40,0,0,0,0,0,0,0,Christine Liebe (P),01/11-03/08,ONLINE,No_Special_Notes,2022,Spring
NR,10827,CSCI,250,A,C,3.0,PYTHON-BASED COMPUTING: BUILDING A SENSOR SYSTEM,MWF,03:00pm-03:50pm,72,71,1,0,0,0,0,0,0,Phillip Richardson Romig (P),01/11-05/13,MZ 022,UG_Req,2022,Spring
NR,10828,CSCI,250,B,C,3.0,PYTHON-BASED COMPUTING: BUILDING A SENSOR SYSTEM,MWF,01:00pm-01:50pm,70,63,7,0,0,0,0,0,0,Phillip Richardson Romig (P),01/11-05/13,MZ 022,UG_Req,2022,Spring
NR,10042,CSCI,261,B,C,3.0,PROGRAMMING CONCEPTS,MWF,09:00am-09:50am,60,49,11,0,0,0,0,0,0,"Amy N Hong (P), Jeffrey R Paone",01/11-05/13,MZ 022,UG_Req,2022,Spring
NR,10043,CSCI,261,C,C,3.0,PROGRAMMING CONCEPTS,MWF,10:00am-10:50am,60,58,2,0,0,0,0,0,0,Jeffrey R Paone (P),01/11-05/13,MZ 022,UG_Req,2022,Spring
NR,10044,CSCI,261,D,C,3.0,PROGRAMMING CONCEPTS,MWF,11:00am-11:50am,60,59,1,0,0,0,0,0,0,Jeffrey R Paone (P),01/11-05/13,MZ 022,UG_Req,2022,Spring
C,10788,CSCI,261,E,C,3.0,PROGRAMMING CONCEPTS,MWF,12:00pm-12:50pm,60,60,0,0,0,0,0,0,0,"Armando Eric Ocampo (P), Jeffrey R Paone",01/11-05/13,MZ 022,UG_Req,2022,Spring
NR,10045,CSCI,262,A,C,3.0,DATA STRUCTURES,MW,12:00pm-12:50pm,60,59,1,0,0,0,0,0,0,Christopher Robert Painter- Wakefield (P),01/11-05/13,MZ 126,UG_Req,2022,Spring
C,10046,CSCI,262,B,C,3.0,DATA STRUCTURES,MW,01:00pm-01:50pm,60,60,0,0,0,0,0,0,0,Christopher Robert Painter- Wakefield (P),01/11-05/13,MZ 126,UG_Req,2022,Spring
NR,11129,CSCI,262,C,C,3.0,DATA STRUCTURES,MW,02:00pm-02:50pm,60,37,23,0,0,0,0,0,0,"Joseph R Lovato (P), Christopher Robert Painter- Wakefield",01/11-05/13,BE 243,UG_Req,2022,Spring
NR,10813,CSCI,262,R01 ,C,0.0,DATA STRUCTURES,F,12:00pm-12:50pm,60,56,4,0,0,0,0,0,0,Christopher Robert Painter- Wakefield (P),01/11-05/13,MZ 026,UG_Req,2022,Spring
NR,10864,CSCI,262,R02 ,C,0.0,DATA STRUCTURES,F,01:00pm-01:50pm,60,50,10,0,0,0,0,0,0,Christopher Robert Painter- Wakefield (P),01/11-05/13,MZ 026,UG_Req,2022,Spring
NR,10865,CSCI,262,R03 ,C,0.0,DATA STRUCTURES,F,02:00pm-02:50pm,60,33,27,0,0,0,0,0,0,"Joseph R Lovato (P), Christopher Robert Painter- Wakefield",01/11-05/13,MZ 026,UG_Req,2022,Spring
NR,11130,CSCI,262,R04 ,C,0.0,DATA STRUCTURES,F,11:00am-11:50am,60,17,43,0,0,0,0,0,0,"Joseph R Lovato (P), Christopher Robert Painter- Wakefield",01/11-05/13,MZ 026,UG_Req,2022,Spring
NR,10438,CSCI,274,A,C,1.0,INTRODUCTION TO THE LINUX OPERATING SYSTEM,M,02:00pm-02:50pm,60,57,3,0,0,0,0,0,0,"Seth David Dale (P), Ameliaann Blaisy Read",01/11-05/13,CK 130,UG_Req,2022,Spring
NR,10800,CSCI,274,B,C,1.0,INTRODUCTION TO THE LINUX OPERATING SYSTEM,W,01:00pm-01:50pm,60,35,25,0,0,0,0,0,0,"Seth David Dale (P), Ameliaann Blaisy Read",01/11-05/13,MZ 026,UG_Req,2022,Spring
NR,10862,CSCI,274,C,C,1.0,INTRODUCTION TO THE LINUX OPERATING SYSTEM,F,11:00am-11:50am,60,59,1,0,0,0,0,0,0,"Seth David Dale (P), Ameliaann Blaisy Read",01/11-05/13,CT 231,UG_Req,2022,Spring
NR,12187,CSCI,290,A,C,1.0,PROGRAMMING CHALLENGES I,R,03:30pm-04:20pm,44,31,13,0,0,0,0,0,0,"Wendy Denise Fisher (P), Jeffrey R Paone",01/11-05/13,AH 130,No_Special_Notes,2022,Spring
NR,12225,CSCI,295,A,C,1.0,INDUSTRY EXPLORATION I,W,03:00pm-03:59pm,40,12,28,0,0,0,0,0,0,Wendy Denise Fisher (P),01/11-05/13,CO 212,No_Special_Notes,2022,Spring
C,10829,CSCI,303,A,C,3.0,INTRODUCTION TO DATA SCIENCE,TR,02:00pm-03:15pm,55,56,-1,0,0,0,72,71,1,"Morgan Dallas Cox (P), Wendy Denise Fisher",01/11-05/13,MZ 226,UG_Req,2022,Spring
C,11420,CSCI,303,B,C,3.0,INTRODUCTION TO DATA SCIENCE,TR,12:30pm-01:45pm,35,40,-5,0,0,0,50,50,0,Wendy Denise Fisher (P),01/11-05/13,MZ 122,UG_Req,2022,Spring
NR,11577,CSCI,303,OL,O,3.0,INTRODUCTION TO DATA SCIENCE,AAA,00:00zm-00:00zm,30,23,7,0,0,0,45,37,8,Wendy Denise Fisher (P),01/11-05/13,ONLINE,UG_Req,2022,Spring
NR,10047,CSCI,306,A,C,3.0,SOFTWARE ENGINEERING,TR,12:30pm-01:45pm,60,59,1,0,0,0,0,0,0,Mark Lewis Baldwin (P),01/11-05/13,MZ 026,UG_Req,2022,Spring
NR,10783,CSCI,306,B,C,3.0,SOFTWARE ENGINEERING,TR,02:00pm-03:15pm,60,59,1,0,0,0,0,0,0,Mark Lewis Baldwin (P),01/11-05/13,MZ 026,UG_Req,2022,Spring
NR,11929,CSCI,306,C,C,3.0,SOFTWARE ENGINEERING,TR,12:30pm-01:45pm,50,47,3,0,0,0,0,0,0,"Mark Lewis Baldwin (P), Caleb Loyal Bartel",01/11-05/13,CK 130,UG_Req,2022,Spring
NR,11578,CSCI,306,OL,O,3.0,SOFTWARE ENGINEERING,TR,05:00pm-06:15pm,40,32,8,0,0,0,0,0,0,"Mark Lewis Baldwin (P), Caleb Loyal Bartel",01/11-05/13,ONLINE,UG_Req,2022,Spring
C,10863,CSCI,341,A,C,3.0,COMPUTER ORGANIZATION,TR,11:00am-12:15pm,70,70,0,0,0,0,0,0,0,Qi Han (P),01/11-05/13,BE 108,UG_Req,2022,Spring
NR,10050,CSCI,341,B,C,3.0,COMPUTER ORGANIZATION,TR,02:00pm-03:15pm,70,69,1,0,0,0,0,0,0,"Ethan Ludlow Perry (P), Qi Han",01/11-05/13,MZ 326,UG_Req,2022,Spring
NR,10696,CSCI,358,A,C,3.0,DISCRETE MATHEMATICS,TR,09:30am-10:45am,68,67,1,0,0,0,0,0,0,Dejun Yang (P),01/11-05/13,AH 330,UG_Req,2022,Spring
NR,10784,CSCI,358,B,C,3.0,DISCRETE MATHEMATICS,TR,11:00am-12:15pm,68,67,1,0,0,0,0,0,0,Dejun Yang (P),01/11-05/13,AH 340,UG_Req,2022,Spring
NR,12223,CSCI,358,C,C,3.0,DISCRETE MATHEMATICS,TR,02:00pm-03:15pm,42,29,13,0,0,0,0,0,0,Dejun Yang (P),01/11-05/13,LB 119,UG_Req,2022,Spring
NR,10051,CSCI,400,A,C,3.0,PRINCIPLES OF PROGRAMMING LANGUAGES,TR,09:30am-10:45am,63,57,6,0,0,0,0,0,0,Neil T Dantam (P),01/11-05/13,MZ 108,UG_Req,2022,Spring
NR,11610,CSCI,400,B,C,3.0,PRINCIPLES OF PROGRAMMING LANGUAGES,TR,11:00am-12:15pm,63,60,3,0,0,0,0,0,0,Neil T Dantam (P),01/11-05/13,MZ 108,UG_Req,2022,Spring
NR,10830,CSCI,404,A,C,3.0,ARTIFICIAL,INTELLIGENCE,TR02:00pm-03:15,pm,148,145 3,0,0,0,0,0,0,Hua Wang (P),01/11-05/13,BE 241,UG_Req,2022,Spring
C,10831,CSCI,406,A,C,3.0,ALGORITHMS,MWF,12:00pm-12:50pm,86,86,0,0,0,0,0,0,0,"Jonathan Sumner Van Evans (P), Dinesh Prakash Mehta",01/11-05/13,BB W250,UG_Req,2022,Spring
NR,10153,CSCI,406,B,C,3.0,ALGORITHMS,MWF,01:00pm-01:50pm,92,90,2,0,0,0,0,0,0,"Jonathan Sumner Van Evans (P), Dinesh Prakash Mehta",01/11-05/13,CT 231,UG_Req,2022,Spring
NR,11579,CSCI,410,A,C,3.0,ELEMENTS OF COMPUTING SYSTEMS,MWF,03:00pm-03:50pm,64,62,2,0,0,0,0,0,0,Christopher Robert Painter- Wakefield (P),01/11-05/13,BB W210,No_Special_Notes,2022,Spring
NR,11917,CSCI,425,A,C,3.0,COMPILER DESIGN,MWF,11:00am-11:50am,40,30,10,0,0,0,0,0,0,Keith E Hellman (P),01/11-05/13,LB 121,No_Special_Notes,2022,Spring
C,11393,CSCI,432,A,C,3.0,ROBOT ETHICS,TR,12:30pm-01:45pm,40,41,-1,0,0,0,60,59,1,"Thomas Emrys Williams (P), Qin Zhu",01/11-05/13,MZ 235,No_Special_Notes,2022,Spring
C,10052,CSCI,442,A,C,3.0,OPERATING SYSTEMS,TR,12:30pm-01:45pm,73,73,0,0,0,0,0,0,0,Mehmet Esat Belviranli (P),01/11-05/13,MZ 126,UG_Req,2022,Spring
NR,11442,CSCI,442,B,C,3.0,OPERATING SYSTEMS,TR,02:00pm-03:15pm,70,57,13,0,0,0,0,0,0,"Dong Chen (P), Mehmet Esat Belviranli",01/11-05/13,BB W250,UG_Req,2022,Spring
NR,11702,CSCI,442,C,C,3.0,OPERATING SYSTEMS,TR,02:00pm-03:15pm,50,46,4,0,0,0,0,0,0,Mehmet Esat Belviranli (P),01/11-05/13,CK 150,UG_Req,2022,Spring
NR,11913,CSCI,446,A,C,3.0,WEB APPLICATIONS,MWF,04:00pm-04:50pm,60,49,11,0,0,0,0,0,0,Eric Lawrence Dattore (P),01/11-05/13,MZ 108,No_Special_Notes,2022,Spring
C,10701,CSCI,448,A,C,3.0,MOBILE APPLICATION DEVELOPMENT,MWF,02:00pm-02:50pm,60,60,0,0,0,0,0,0,0,Jeffrey R Paone (P),01/11-05/13,MZ 022,No_Special_Notes,2022,Spring
C,10832,CSCI,473,A,C,3.0,HUMAN-CENTERED ROBOTICS,MW,07:30am-08:45am,44,48,-4,0,0,0,64,66,-2,Hao Zhang (P),01/11-05/13,CO 219,UG_Req,2022,Spring
NR,10660,CSCI,474,A,C,3.0,INTRODUCTION TO CRYPTOGRAPHY,TR,09:30am-10:45am,60,49,11,0,0,0,80,64,16,"Weiping Pei (P), Chuan Yue",01/11-05/13,BB W280,No_Special_Notes,2022,Spring
NR,12173,CSCI,474,B,C,3.0,INTRODUCTION TO CRYPTOGRAPHY,TR,12:30pm-01:45pm,22,19,3,0,0,0,40,32,8,"Weiping Pei (P), Chuan Yue",01/11-05/13,BE 106,No_Special_Notes,2022,Spring
C,10903,CSCI,477,A,C,3.0,ELEMENTS OF GAMES AND GAME DEVELOPMENT,MWF,09:00am-09:50am,60,60,0,0,0,0,0,0,0,Kathleen Marie Kelly (P),01/11-05/13,MZ 026,No_Special_Notes,2022,Spring
C,11914,CSCI,477,B,C,3.0,ELEMENTS OF GAMES AND GAME DEVELOPMENT,MW,11:00am-12:15pm,34,33,1,0,0,0,60,60,0,Kathleen Marie Kelly (P),01/11-05/13,MZ 026,No_Special_Notes,2022,Spring
C,81163,CSCI,370,A,C,5.0,ADVANCED SOFTWARE ENGINEERING,TR,09:30am-12:15pm,0,0,0,0,0,0,0,0,0,"Kathleen Marie Kelly (P), Ruth Iris Bahar, Donna Marie Bodeau, Lorenzo Joseph Gallegos, Jonathan David Lindemann- Michael, Christopher Robert Painter- Wakefield, Chloe Ross, Bo Wu",01/10-05/12,GC PET,UG_Req,2022,Spring
NR,10222,CSCI,101,A,C,3.0,INTRODUCTION TO COMPUTER SCIENCE,MWF,01:00pm-01:50pm,90,88,2,0,0,0,0,0,0,"Grace Katherine Jung (P), Robert Haven Thompson",01/10-05/12,GC MET,UG_Req,2023,Spring
NR,10765,CSCI,101,B,C,3.0,INTRODUCTION TO COMPUTER SCIENCE,MWF,02:00pm-02:50pm,83,82,1,0,0,0,0,0,0,Robert Haven Thompson (P),01/10-05/12,MZ 126,UG_Req,2023,Spring
NR,10766,CSCI,101,C,C,3.0,INTRODUCTION TO COMPUTER SCIENCE,MWF,03:00pm-03:50pm,83,82,1,0,0,0,0,0,0,"Victoria Laine Messmore (P), Robert Haven Thompson",01/10-05/12,MZ 126,UG_Req,2023,Spring
NR,11223,CSCI,101,D,C,3.0,INTRODUCTION TO COMPUTER SCIENCE,MWF,04:00pm-04:50pm,60,54,6,0,0,0,0,0,0,"Megan Kinsley Shapiro (P), Robert Haven Thompson",01/10-05/12,MZ 235,UG_Req,2023,Spring
NR,10250,CSCI,101,E,C,3.0,INTRODUCTION TO COMPUTER SCIENCE,MWF,01:00pm-01:50pm,72,66,6,0,0,0,0,0,0,Robert Haven Thompson (P),01/10-05/12,MZ 226,UG_Req,2023,Spring
NR,11221,CSCI,101,F,C,3.0,INTRODUCTION TO COMPUTER SCIENCE,MWF,02:00pm-02:50pm,73,72,1,0,0,0,0,0,0,"Megan Kinsley Shapiro (P), Robert Haven Thompson",01/10-05/12,GC MET,UG_Req,2023,Spring
NR,11222,CSCI,101,G,C,3.0,INTRODUCTION TO COMPUTER SCIENCE,MWF,03:00pm-03:50pm,73,72,1,0,0,0,0,0,0,"Megan Kinsley Shapiro (P), Robert Haven Thompson",01/10-05/12,GC MET,UG_Req,2023,Spring
NR,11779,CSCI,101,I,C,3.0,INTRODUCTION TO COMPUTER SCIENCE,MWF,02:00pm-02:50pm,60,58,2,0,0,0,0,0,0,"Grace Katherine Jung (P), Robert Haven Thompson",01/10-05/12,MZ 235,UG_Req,2023,Spring
C,11045,CSCI,102,A,C,1.0,INTRODUCTION TO COMPUTER SCIENCE - LAB,TR,09:30am-10:45am,60,60,0,0,0,0,0,0,0,"Mark Lewis Baldwin (P), Christine Liebe",01/10-05/12,BB W210,No_Special_Notes,2023,Spring
NR,11047,CSCI,102,B,C,1.0,INTRODUCTION TO COMPUTER SCIENCE - LAB,TR,11:00am-12:15pm,85,81,4,0,0,0,0,0,0,Christine Liebe (P),01/10-05/12,CK 130,No_Special_Notes,2023,Spring
NR,11394,CSCI,102,C,C,1.0,INTRODUCTION TO COMPUTER SCIENCE - LAB,TR,02:00pm-03:15pm,60,58,2,0,0,0,0,0,0,"Cole Andrew Callihan (P), Christine Liebe",01/10-05/12,MZ 022,No_Special_Notes,2023,Spring
NR,11227,CSCI,102,D,C,1.0,INTRODUCTION TO COMPUTER SCIENCE - LAB,TR,03:30pm-04:45pm,60,53,7,0,0,0,0,0,0,"Matthew James Rottinghaus (P), Christine Liebe",01/10-05/12,MZ 026,No_Special_Notes,2023,Spring
NR,11046,CSCI,102,E,C,1.0,INTRODUCTION TO COMPUTER SCIENCE - LAB,TR,09:30am-10:45am,60,43,17,0,0,0,0,0,0,"Katherine Anna Aubert (P), Christine Liebe",01/10-05/12,CK 130,No_Special_Notes,2023,Spring
C,11225,CSCI,102,F,C,1.0,INTRODUCTION TO COMPUTER SCIENCE - LAB,TR,11:00am-12:15pm,60,60,0,0,0,0,0,0,0,"Eric William Roels (P), Christine Liebe",01/10-05/12,MZ 022,No_Special_Notes,2023,Spring
NR,12011,CSCI,102,G,C,1.0,INTRODUCTION TO COMPUTER SCIENCE - LAB,TR,02:00pm-03:15pm,75,74,1,0,0,0,0,0,0,"Colter Henry Snyder (P), Christine Liebe",01/10-05/12,MZ 126,No_Special_Notes,2023,Spring
NR,11226,CSCI,102,H,C,1.0,INTRODUCTION TO COMPUTER SCIENCE - LAB,TR,03:30pm-04:45pm,60,49,11,0,0,0,0,0,0,"John James Honan (P), Christine Liebe",01/10-05/12,MZ 022,No_Special_Notes,2023,Spring
C,11544,CSCI,102,OL,O,1.0,INTRODUCTION TO COMPUTER SCIENCE - LAB,AAA,00:00zm-00:00zm,40,40,0,0,0,0,0,0,0,Christine Liebe (P),01/10-03/07,ONLINE,No_Special_Notes,2023,Spring
C,11985,CSCI,200,A,C,3.0,FOUNDATIONAL PROGRAMMING CONCEPTS & DESIGN,MWF,08:00am-08:50am,60,60,0,0,0,0,0,0,0,"Carter Jameison Fowler (P), Jeffrey R Paone",01/10-05/12,MZ 022,No_Special_Notes,2023,Spring
C,11981,CSCI,200,B,C,3.0,FOUNDATIONAL PROGRAMMING CONCEPTS & DESIGN,MWF,09:00am-09:50am,60,60,0,0,0,0,0,0,0,"Clark Scholten (P), Jeffrey R Paone",01/10-05/12,MZ 022,No_Special_Notes,2023,Spring
C,11982,CSCI,200,C,C,3.0,FOUNDATIONAL PROGRAMMING CONCEPTS & DESIGN,MWF,10:00am-10:50am,60,60,0,0,0,0,0,0,0,Jeffrey R Paone (P),01/10-05/12,MZ 022,No_Special_Notes,2023,Spring
C,11983,CSCI,200,D,C,3.0,FOUNDATIONAL PROGRAMMING CONCEPTS & DESIGN,MWF,11:00am-11:50am,60,61,-1,0,0,0,0,0,0,Jeffrey R Paone (P),01/10-05/12,MZ 022,No_Special_Notes,2023,Spring
C,11984,CSCI,200,E,C,3.0,FOUNDATIONAL PROGRAMMING CONCEPTS & DESIGN,MWF,12:00pm-12:50pm,60,60,0,0,0,0,0,0,0,"Clark Scholten (P), Jeffrey R Paone",01/10-05/12,MZ 022,No_Special_Notes,2023,Spring
NR,11986,CSCI,220,A,C,3.0,DATA STRUCTURES AND ALGORITHMS,MWF,11:00am-11:50am,110,101,9,0,0,0,0,0,0,"Christopher Robert Painter- Wakefield (P), Keith E Hellman",01/10-05/12,GC PET,No_Special_Notes,2023,Spring
NR,11987,CSCI,220,B,C,3.0,DATA STRUCTURES AND ALGORITHMS,MWF,02:00pm-02:50pm,100,78,22,0,0,0,0,0,0,"Christopher Robert Painter- Wakefield (P), Preston Montgomery Walraven",01/10-05/12,GC PET,No_Special_Notes,2023,Spring
NR,10778,CSCI,250,A,C,3.0,PYTHON-BASED COMPUTING: BUILDING A SENSOR SYSTEM,MWF,02:00pm-02:50pm,60,56,4,0,0,0,0,0,0,Phillip Richardson Romig (P),01/10-05/12,MZ 022,UG_Req,2023,Spring
NR,10777,CSCI,250,B,C,3.0,PYTHON-BASED COMPUTING: BUILDING A SENSOR SYSTEM,MWF,03:00pm-03:50pm,60,48,12,0,0,0,0,0,0,Phillip Richardson Romig (P),01/10-05/12,MZ 022,UG_Req,2023,Spring
NR,10754,CSCI,274,A,C,1.0,INTRODUCTION TO THE LINUX OPERATING SYSTEM,M,03:00pm-03:50pm,60,59,1,0,0,0,0,0,0,Tolga Can (P),01/10-05/12,MZ 026,UG_Req,2023,Spring
NR,10416,CSCI,274,B,C,1.0,INTRODUCTION TO THE LINUX OPERATING SYSTEM,W,04:00pm-04:50pm,60,42,18,0,0,0,0,0,0,"Steven Marcel Ardern (P), Tolga Can",01/10-05/12,MZ 022,UG_Req,2023,Spring
NR,10806,CSCI,274,C,C,1.0,INTRODUCTION TO THE LINUX OPERATING SYSTEM,F,02:00pm-02:50pm,60,47,13,0,0,0,0,0,0,"Justin M Bale (P), Tolga Can",01/10-05/12,MZ 026,UG_Req,2023,Spring
NR,11783,CSCI,295,A,C,1.0,INDUSTRY EXPLORATION I,W,03:00pm-03:50pm,30,17,13,0,0,0,0,0,0,Wendy Denise Fisher (P),01/10-05/12,MC 213,No_Special_Notes,2023,Spring
NR,10779,CSCI,303,A,C,3.0,INTRODUCTION TO DATA SCIENCE,TR,08:00am-09:15am,60,33,27,0,0,0,75,42,33,"Morgan Dallas Cox (P), Wendy Denise Fisher",01/10-05/12,GC PET,UG_Req,2023,Spring
NR,11302,CSCI,303,B,C,3.0,INTRODUCTION TO DATA SCIENCE,TR,09:30am-10:45am,65,63,2,0,0,0,80,74,6,Wendy Denise Fisher (P),01/10-05/12,GC PET,UG_Req,2023,Spring
NR,11988,CSCI,303,OL,O,3.0,INTRODUCTION TO DATA SCIENCE,AAA,00:00zm-00:00zm,46,42,4,0,0,0,70,64,6,Wendy Denise Fisher (P),01/10-03/07,ONLINE ,UG_Req,2023,Spring
NR,11545,CSCI,306,A,C,3.0,SOFTWARE ENGINEERING,TR,09:30am-10:45am,55,28,27,0,0,0,0,0,0,"Zibo Wang (P), Mark Lewis Baldwin",01/10-05/12,MZ 022,UG_Req,2023,Spring
NR,10041,CSCI,306,B,C,3.0,SOFTWARE ENGINEERING,TR,12:30pm-01:45pm,60,59,1,0,0,0,0,0,0,Mark Lewis Baldwin (P),01/10-05/12,MZ 026,UG_Req,2023,Spring
NR,10738,CSCI,306,C,C,3.0,SOFTWARE ENGINEERING,TR,02:00pm-03:15pm,55,51,4,0,0,0,0,0,0,Mark Lewis Baldwin (P),01/10-05/12,MZ 026,UG_Req,2023,Spring
NR,11989,CSCI,306,OL,O,3.0,SOFTWARE ENGINEERING,TR,03:30pm-04:45pm,30,8,22,0,0,0,0,0,0,"Caleb Loyal Bartel (P), Mark Lewis Baldwin",01/10-05/12,ONLINE,UG_Req,2023,Spring
NR,10807,CSCI,341,A,C,3.0,COMPUTER ORGANIZATION,TR,11:00am-12:15pm,115,113,2,0,0,0,0,0,0,Qi Han (P),01/10-05/12,GC PET,UG_Req,2023,Spring
NR,10044,CSCI,341,B,C,3.0,COMPUTER ORGANIZATION,TR,02:00pm-03:15pm,50,42,8,0,0,0,0,0,0,"Jonathan Sumner Van Evans (P), Qi Han",01/10-05/12,MZ 326,UG_Req,2023,Spring
NR,10658,CSCI,358,A,C,3.0,DISCRETE MATHEMATICS,TR,09:30am-10:45am,120,111,9,0,0,0,0,0,0,Dejun Yang (P),01/10-05/12,BE 241,UG_Req,2023,Spring
C,11781,CSCI,358,B,C,3.0,DISCRETE MATHEMATICS,MWF,10:00am-10:50am,72,79,-7,0,0,0,0,0,0,"Terry Joe Bridgman (P), Dejun Yang",01/10-05/12,GC MET,UG_Req,2023,Spring
NR,11412,CSCI,400,A,C,3.0,PRINCIPLES OF PROGRAMMING LANGUAGES,TR,11:00am-12:15pm,150,118,32,0,0,0,0,0,0,Neil T Dantam (P),01/10-05/12,GC MET,UG_Req,2023,Spring
NR,10669,CSCI,403,A,C,3.0,DATA BASE MANAGEMENT,MWF,10:00am-10:50am,70,65,5,0,0,0,0,0,0,Ameliaann Blaisy Read (P),01/10-05/12,BB W250,UG_Req,2023,Spring
NR,11050,CSCI,403,B,C,3.0,DATA BASE MANAGEMENT,MWF,11:00am-11:50am,70,64,6,0,0,0,0,0,0,Ameliaann Blaisy Read (P),01/10-05/12,BB W250,UG_Req,2023,Spring
NR,12301,CSCI,403,C,C,3.0,DATA BASE MANAGEMENT,MWF,01:00pm-01:50pm,50,34,16,0,0,0,0,0,0,Ameliaann Blaisy Read (P),01/10-05/12,HH 204,UG_Req,2023,Spring
NR,10780,CSCI,404,A,C,3.0,ARTIFICIAL,INTELLIGENCE,TR12:30pm-01:45,pm,170,169 1,0,0,0,0,0,0,Hua Wang (P),01/10-05/12,GC MET,UG_Req,2023,Spring
C,10781,CSCI,406,A,C,3.0,ALGORITHMS,MWF,12:00pm-12:50pm,170,170,0,0,0,0,0,0,0,Dinesh Prakash Mehta (P),01/10-05/12,GC MET,UG_Req,2023,Spring
C,11395,CSCI,410,A,C,3.0,ELEMENTS OF COMPUTING SYSTEMS,TR,03:30pm-04:45pm,6,6,0,0,0,0,0,0,0,Christopher Robert Painter- Wakefield (P),01/10-05/12,BB 206,No_Special_Notes,2023,Spring
NR,11539,CSCI,425,A,C,3.0,COMPILER DESIGN,MWF,09:00am-09:50am,40,26,14,0,0,0,0,0,0,Keith E Hellman (P),01/10-05/12,LB 121,No_Special_Notes,2023,Spring
NR,11280,CSCI,432,A,C,3.0,ROBOT ETHICS,TR,02:00pm-03:15pm,42,33,9,0,0,0,56,46,10,Thomas Emrys Williams (P),01/10-05/12,MZ 235,No_Special_Notes,2023,Spring
C,11464,CSCI,442,A,C,3.0,OPERATING SYSTEMS,TR,11:00am-12:15pm,63,63,0,0,0,0,0,0,0,"Zibo Wang (P), Mehmet Esat Belviranli",01/10-05/12,MZ 108,UG_Req,2023,Spring
NR,10046,CSCI,442,B,C,3.0,OPERATING SYSTEMS,TR,12:30pm-01:45pm,77,76,1,0,0,0,0,0,0,Mehmet Esat Belviranli (P),01/10-05/12,MZ 126,UG_Req,2023,Spring
NR,11318,CSCI,442,C,C,3.0,OPERATING SYSTEMS,TR,02:00pm-03:15pm,75,62,13,0,0,0,0,0,0,"Zibo Wang (P), Mehmet Esat Belviranli",01/10-05/12,BB W250,UG_Req,2023,Spring
NR,11990,CSCI,444,A,C,3.0,ADVANCED,COMPUTER GRAPHICS,MWF12:00pm-12:50,pm,20,12,8,0,0,0,60,31,29 Tolga Can (P) ,01/10-05/12,MZ 026,No_Special_Notes,2023,Spring
NR,11535,CSCI,446,A,C,3.0,WEB APPLICATIONS,MWF,04:00pm-04:50pm,80,79,1,0,0,0,0,0,0,"Eric Lawrence Dattore (P), Wendy Denise Fisher",01/10-05/12,CK 130,No_Special_Notes,2023,Spring
NR,10662,CSCI,448,A,C,3.0,MOBILE APPLICATION DEVELOPMENT,MWF,02:00pm-02:50pm,75,70,5,0,0,0,0,0,0,Jeffrey R Paone (P),01/10-05/12,CK 130,No_Special_Notes,2023,Spring
NR,12326,CSCI,470,OL,C,3.0,INTRODUCTION TO MACHINE LEARNING,AAA,00:00zm-00:00zm,22,19,3,0,0,0,37,34,3,Wendy Denise Fisher,(P)03/13-,05/10,UG_Req,2023,Spring
NR,10782,CSCI,473,A,C,3.0,HUMAN-CENTERED ROBOTICS,MW,07:30am-08:45am,70,66,4,0,0,0,85,77,8,"Terran Mott (P), Mark Higger, Thomas Emrys Williams",01/10-05/12,GC PET,UG_Req,2023,Spring
NR,10624,CSCI,474,A,C,3.0,INTRODUCTION TO CRYPTOGRAPHY,TR,05:00pm-06:15pm,67,62,5,0,0,0,95,83,12,Chuan Yue (P),01/10-05/12,GC PET,No_Special_Notes,2023,Spring
NR,10843,CSCI,477,A,C,3.0,ELEMENTS OF GAMES AND GAME DEVELOPMENT,MWF,09:00am-09:50am,55,49,6,0,0,0,0,0,0,Kathleen Marie Kelly (P),01/10-05/12,MZ 026,No_Special_Notes,2023,Spring
NR,11536,CSCI,477,B,C,3.0,ELEMENTS OF GAMES AND GAME DEVELOPMENT,MWF,11:00am-11:50am,74,73,1,0,0,0,0,0,0,Kathleen Marie Kelly (P),01/10-05/12,CK 130,No_Special_Notes,2023,Spring
C,81163,CSCI,370,A,C,5.0,ADVANCED SOFTWARE ENGINEERING,TR,09:30am-12:15pm,0,0,0,0,0,0,0,0,0,"Kathleen Marie Kelly (P), Ruth Iris Bahar, Donna Marie Bodeau, Lorenzo Joseph Gallegos, Jonathan David Lindemann- Michael, Christopher Robert Painter- Wakefield, Chloe Ross, Bo Wu",01/10-05/12,GC PET,UG_Req,2023,Spring
C,12145,CSCI,128,B,C,3.0,COMPUTER SCIENCE FOR STEM,MWF,12:00pm-12:50pm,63,63,0,0,0,0,0,0,0,"Drew Robert Cornmesser (P), Robert Haven Thompson",01/09-05/10,BB W210,UG_Req,2024,Spring
NR,12146,CSCI,128,C,C,3.0,COMPUTER SCIENCE FOR STEM,MWF,12:00pm-12:50pm,80,78,2,0,0,0,0,0,0,"Christine Liebe (P), Robert Haven Thompson",01/09-05/10,GC MET,UG_Req,2024,Spring
NR,12147,CSCI,128,D,C,3.0,COMPUTER SCIENCE FOR STEM,MWF,01:00pm-01:50pm,60,58,2,0,0,0,0,0,0,Robert Haven Thompson (P),01/09-05/10,MZ 022,UG_Req,2024,Spring
NR,12148,CSCI,128,E,C,3.0,COMPUTER SCIENCE FOR STEM,MWF,01:00pm-01:50pm,60,59,1,0,0,0,0,0,0,"Christine Liebe (P), Robert Haven Thompson",01/09-05/10,BB W210,UG_Req,2024,Spring
NR,12149,CSCI,128,F,C,3.0,COMPUTER SCIENCE FOR STEM,MWF,01:00pm-01:50pm,60,58,2,0,0,0,0,0,0,"Umut Mete Saka (P), Robert Haven Thompson",01/09-05/10,GC MET,UG_Req,2024,Spring
NR,12150,CSCI,128,G,C,3.0,COMPUTER SCIENCE FOR STEM,MWF,02:00pm-02:50pm,67,63,4,0,0,0,0,0,0,Robert Haven Thompson (P),01/09-05/10,BB W250,UG_Req,2024,Spring
NR,12151,CSCI,128,H,C,3.0,COMPUTER SCIENCE FOR STEM,MWF,02:00pm-02:50pm,50,43,7,0,0,0,0,0,0,"Zibo Wang (P), Robert Haven Thompson",01/09-05/10,CK 140,UG_Req,2024,Spring
NR,12152,CSCI,128,I,C,3.0,COMPUTER SCIENCE FOR STEM,MWF,03:00pm-03:50pm,60,54,6,0,0,0,0,0,0,"Umut Mete Saka (P), Robert Haven Thompson",01/09-05/10,MZ 235,UG_Req,2024,Spring
NR,12153,CSCI,128,J,C,3.0,COMPUTER SCIENCE FOR STEM,MWF,03:00pm-03:50pm,50,48,2,0,0,0,0,0,0,"Katherine Irene Limes (P), Robert Haven Thompson",01/09-05/10,MZ 326,UG_Req,2024,Spring
NR,12154,CSCI,128,K,C,3.0,COMPUTER SCIENCE FOR STEM,MWF,04:00pm-04:50pm,60,48,12,0,0,0,0,0,0,"Chinyere Kafi Marie Isaac- Heslop (P), Robert Haven Thompson",01/09-05/10,MZ 022,UG_Req,2024,Spring
C,11598,CSCI,200,A,C,3.0,FOUNDATIONAL PROGRAMMING CONCEPTS & DESIGN,MWF,08:00am-08:50am,60,60,0,0,0,0,0,0,0,"Clark Scholten (P), Zibo Wang",01/09-05/10,MZ 022,No_Special_Notes,2024,Spring
C,11594,CSCI,200,B,C,3.0,FOUNDATIONAL PROGRAMMING CONCEPTS & DESIGN,MWF,09:00am-09:50am,60,60,0,0,0,0,0,0,0,"Clark Scholten (P), Zibo Wang",01/09-05/10,MZ 022,No_Special_Notes,2024,Spring
C,11595,CSCI,200,C,C,3.0,FOUNDATIONAL PROGRAMMING CONCEPTS & DESIGN,MWF,10:00am-10:50am,60,61,-1,0,0,0,0,0,0,Zibo Wang (P),01/09-05/10,MZ 022,No_Special_Notes,2024,Spring
C,11596,CSCI,200,D,C,3.0,FOUNDATIONAL PROGRAMMING CONCEPTS & DESIGN,MWF,11:00am-11:50am,60,60,0,0,0,0,0,0,0,Zibo Wang (P),01/09-05/10,MZ 022,No_Special_Notes,2024,Spring
C,11597,CSCI,200,E,C,3.0,FOUNDATIONAL PROGRAMMING CONCEPTS & DESIGN,MWF,12:00pm-12:50pm,60,61,-1,0,0,0,0,0,0,"Clark Scholten (P), Zibo Wang",01/09-05/10,MZ 022,No_Special_Notes,2024,Spring
NR,11599,CSCI,220,A,C,3.0,DATA STRUCTURES AND ALGORITHMS,MWF,11:00am-11:50am,110,102,8,0,0,0,0,0,0,Christopher Robert Painter- Wakefield 01/09- 05/10,"GC MET(P), Keith E",Hellman,No_Special_Notes,2024,Spring
NR,11600,CSCI,220,B,C,3.0,DATA STRUCTURES AND ALGORITHMS,MWF,02:00pm-02:50pm,110,98,12,0,0,0,0,0,0,"Christopher Robert Painter- Wakefield (P), Keith E Hellman",01/09-05/10,GC MET,No_Special_Notes,2024,Spring
C,10732,CSCI,250,A,C,3.0,PYTHON-BASED COMPUTING: BUILDING A SENSOR SYSTEM,MWF,02:00pm-02:50pm,36,36,0,0,0,0,0,0,0,Paul Constantin Sava (P),01/09-05/10,GC 228,UG_Req,2024,Spring
C,12238,CSCI,250,B,C,3.0,PYTHON-BASED COMPUTING: BUILDING A SENSOR SYSTEM,MWF,02:00pm-02:50pm,34,34,0,0,0,0,0,0,0,Paul Constantin Sava (P),01/09-05/10,GC 228,UG_Req,2024,Spring
NR,10711,CSCI,274,A,C,1.0,INTRODUCTION TO THE LINUX OPERATING SYSTEM,M,03:00pm-03:50pm,50,48,2,0,0,0,0,0,0,Tolga Can (P) ,01/09-05/10,MZ 026,UG_Req,2024,Spring
NR,10393,CSCI,274,B,C,1.0,INTRODUCTION TO THE LINUX OPERATING SYSTEM,W,04:00pm-04:50pm,50,26,24,0,0,0,0,0,0,Tolga Can (P) ,01/09-05/10,MZ 322,UG_Req,2024,Spring
NR,10758,CSCI,274,C,C,1.0,INTRODUCTION TO THE LINUX OPERATING SYSTEM,F,02:00pm-02:50pm,50,32,18,0,0,0,0,0,0,Tolga Can (P) ,01/09-05/10,MZ 026,UG_Req,2024,Spring
NR,10733,CSCI,303,A,C,3.0,INTRODUCTION TO DATA SCIENCE,TR,08:00am-09:15am,72,71,1,0,0,0,0,0,0,"Matthew R Siegfried (P), Wendy Denise Fisher",01/09-05/10,BE 108,UG_Req,2024,Spring
NR,11184,CSCI,303,B,C,3.0,INTRODUCTION TO DATA SCIENCE,TR,05:00pm-06:15pm,75,69,6,0,0,0,0,0,0,"Morgan Dallas Cox (P), Wendy Denise Fisher",01/09-05/10,BB W250,UG_Req,2024,Spring
C,11390,CSCI,306,A,C,3.0,SOFTWARE ENGINEERING,MWF,11:00am-11:50am,60,60,0,0,0,0,0,0,0,Kathleen Marie Kelly (P),01/09-05/10,MZ 026,UG_Req,2024,Spring
NR,10034,CSCI,306,B,C,3.0,SOFTWARE ENGINEERING,MWF,12:00pm-12:50pm,60,59,1,0,0,0,0,0,0,"Wendy Denise Fisher (P), Kathleen Marie Kelly",01/09-05/10,MZ 026,UG_Req,2024,Spring
NR,11602,CSCI,306,OL,O,3.0,SOFTWARE ENGINEERING,TR,03:30pm-04:45pm,60,49,11,0,0,0,0,0,0,"Mark Lewis Baldwin (P), Kathleen Marie Kelly",01/09-05/10,BE 243,UG_Req,2024,Spring
C,10759,CSCI,341,A,C,3.0,COMPUTER ORGANIZATION,TR,11:00am-12:15pm,170,170,0,0,0,0,0,0,0,Qi Han (P),01/09-05/10,GC MET,UG_Req,2024,Spring
NR,10624,CSCI,358,A,C,3.0,DISCRETE MATHEMATICS,TR,09:30am-10:45am,110,101,9,0,0,0,0,0,0,Dejun Yang (P),01/09-05/10,HH 202,UG_Req,2024,Spring
NR,11523,CSCI,358,B,C,3.0,DISCRETE MATHEMATICS,MWF,10:00am-10:50am,100,93,7,0,0,0,0,0,0,"Terry Joe Bridgman (P), Dejun Yang",01/09-05/10,GC PET,UG_Req,2024,Spring
NR,11289,CSCI,400,A,C,3.0,PRINCIPLES OF PROGRAMMING LANGUAGES,TR,12:30pm-01:45pm,140,111,29,0,0,0,0,0,0,Neil T Dantam (P),01/09-05/10,GC MET,UG_Req,2024,Spring
NR,10972,CSCI,403,A,C,3.0,DATA BASE MANAGEMENT,MWF,03:00pm-03:50pm,91,90,1,0,0,0,0,0,0,"Hayden O Cooreman (P), Christopher Robert Painter- Wakefield",01/09-05/10,GC MET,UG_Req,2024,Spring
NR,10635,CSCI,403,B,C,3.0,DATA BASE MANAGEMENT,MWF,04:00pm-04:50pm,72,70,2,0,0,0,0,0,0,Christopher Robert Painter- Wakefield (P),01/09-05/10,MZ 326,UG_Req,2024,Spring
C,10734,CSCI,404,A,C,3.0,ARTIFICIAL INTELLIGENCE,TR,09:30am-10:45am,147,148,-1,0,0,0,0,0,0,Hua Wang (P),01/09-05/10,BE 241,UG_Req,2024,Spring
NR,12141,CSCI,404,B,C,3.0,ARTIFICIAL INTELLIGENCE,TR,11:00am-12:15pm,50,49,1,0,0,0,0,0,0,Micah David Corah (P),01/09-05/10,AH 162,UG_Req,2024,Spring
C,10735,CSCI,406,A,C,3.0,ALGORITHMS,MWF,12:00pm-12:50pm,112,112,0,0,0,0,0,0,0,Tolga Can (P) ,01/09-05/10,HH 202,UG_Req,2024,Spring
NR,12140,CSCI,406,B,C,3.0,ALGORITHMS,MWF,01:00pm-01:50pm,115,110,5,0,0,0,0,0,0,Colleen Estelle Smith (P),01/09-05/10,GC PET,UG_Req,2024,Spring
C,11273,CSCI,410,A,C,3.0,ELEMENTS OF COMPUTING SYSTEMS,TR,03:30pm-04:45pm,60,60,0,0,0,0,0,0,0,Phillip Richardson Romig (P),01/09-05/10,AH 151,No_Special_Notes,2024,Spring
NR,11386,CSCI,425,A,C,3.0,COMPILER DESIGN,MWF,09:00am-09:50am,40,25,15,0,0,0,0,0,0,Keith E Hellman (P),01/09-05/10,VC 160,No_Special_Notes,2024,Spring
NR,11166,CSCI,432,A,C,3.0,ROBOT ETHICS,TR,02:00pm-03:15pm,35,32,3,0,0,0,67,61,6,Thomas Emrys Williams (P),01/09-05/10,BE 243,No_Special_Notes,2024,Spring
C,11331,CSCI,442,A,C,3.0,OPERATING SYSTEMS,TR,11:00am-12:15pm,73,73,0,0,0,0,0,0,0,"Phillip Richardson Romig (P), Dong Chen",01/09-05/10,AH 340,UG_Req,2024,Spring
NR,10038,CSCI,442,B,C,3.0,OPERATING SYSTEMS,TR,12:30pm-01:45pm,70,59,11,0,0,0,0,0,0,Dong Chen (P),01/09-05/10,BE 241,UG_Req,2024,Spring
NR,11200,CSCI,442,C,C,3.0,OPERATING SYSTEMS,TR,02:00pm-03:15pm,70,63,7,0,0,0,0,0,0,"Phillip Richardson Romig (P), Dong Chen",01/09-05/10,BE 241,UG_Req,2024,Spring
NR,12285,CSCI,444,A,C,3.0,ADVANCED COMPUTER GRAPHICS,MWF,10:00am-10:50am,25,11,14,0,0,0,50,21,29,Tolga Can (P) ,01/09-05/10,BB 125,No_Special_Notes,2024,Spring
C,11383,CSCI,446,A,C,3.0,WEB APPLICATIONS,MWF,04:00pm-04:50pm,75,75,0,0,0,0,0,0,0,"Eric Lawrence Dattore (P), Wendy Denise Fisher",01/09-05/10,CK 130,No_Special_Notes,2024,Spring
C,11893,CSCI,470,OL,O,3.0,INTRODUCTION TO MACHINE LEARNING,AAA,00:00zm-00:00zm,55,55,0,0,0,0,76,76,0,Zibo Wang (P),03/11-05/10,ONLINE,UG_Req,2024,Spring
NR,10590,CSCI,474,A,C,3.0,INTRODUCTION TO CRYPTOGRAPHY,TR,11:00am-12:15pm,90,75,15,0,0,0,120,101,19,Chuan Yue (P),01/09-05/10,GC PET,No_Special_Notes,2024,Spring
NR,10790,CSCI,477,A,C,3.0,ELEMENTS OF GAMES AND GAME DEVELOPMENT,MWF,09:00am-09:50am,60,59,1,0,0,0,0,0,0,Kathleen Marie Kelly (P),01/09-05/10,MZ 026,No_Special_Notes,2024,Spring
NR,12156,CSCI,498A ,A,C,3.0,SP TPS: INTRODUCTION TO HCI,MWF,10:00am-10:50am,25,20,5,0,0,0,0,0,0,Robert Haven Thompson (P),01/09-05/10,EA 115,Elective,2024,Spring
NR,12157,CSCI,498B ,A,C,3.0,SP TPS: TECH STARTUPS,TR,11:00am-12:15pm,35,18,17,0,0,0,0,0,0,"Pooja Sankar (P), Ruth Iris Bahar",01/09-05/10,VC 160,Elective,2024,Spring
NR,12275,CSCI,498D ,A,C,3.0,SP TPS: NETWORK SCIENCE,MWF,02:00pm-02:50pm,35,20,15,0,0,0,0,0,0,Dinesh Prakash Mehta (P),01/09-05/10,AH 152,Elective,2024,Spring
C,81163,CSCI,370,A,C,5.0,ADVANCED SOFTWARE ENGINEERING,TR,09:30am-12:15pm,0,0,0,0,0,0,0,0,0,"Kathleen Marie Kelly (P), Ruth Iris Bahar, Donna Marie Bodeau, Lorenzo Joseph Gallegos, Jonathan David Lindemann- Michael, Christopher Robert Painter- Wakefield, Chloe Ross, Bo Wu",01/10-05/12,GC PET,UG_Req,2024,Spring
